YEAR,msa,HH,HH_se,NEWHH,NEWHH_se,MISSINGHH,MISSINGHH_se,housing_units_seasonal,housing_units_seasonal_se,housing_units_uninhabitable,housing_units_uninhabitable_se,housing_units_vacant,housing_units_vacant_se,housing_units,housing_units_se,vacancy_rate,necessary_units,necessary_units_se,available_units,available_units_se,underproduction,underproduction_se
2005,"Colorado Springs, CO",214550,5805.691395164604,218625.6027561506,5623.752608529805,4075.602756150595,8082.861249448373,1517,454.7058324895532,NA,NA,12920,1702.7870138883775,229193,6036.935494168881,0.056371704196899554,230132.21342752693,10475.598796375736,227676,6054.035642020625,2456.2134275269345,12099.153594259595
2005,"Denver-Aurora-Lakewood, CO",951422,12562.92985081904,970355.2242899335,11944.64256594425,18933.224289933427,17334.984639876882,10663,1869.8051438966254,737,389.0608249247429,53829,4006.1418158723427,1010566,13191.743541596137,0.053266189442352105,1021426.5518841405,22535.38673491924,999166,13329.277447366634,22260.55188414047,26182.308770642263
2005,"Fort Collins, CO",106344,3852.3681200393607,107685.26684017901,3713.852602574943,1341.2668401790197,5351.022452386859,2571,967.0063237224206,NA,NA,5274,1302.445021719236,111648,4088.9733213645154,0.04723774720550301,113352.91246334634,6940.521459988314,109077,4201.762017648061,4275.912463346336,8113.300326593872
2005,"Grand Junction, CO",51264,2665.1477206840796,52638.09637116852,2492.1908722526982,1374.0963711685163,3648.839228687283,498,299.8361682912825,NA,NA,1276,553.306175656879,54198,2754.54534462097,0.023543304180966087,55408.52249596686,4756.338833846291,53700,2770.816086171844,1708.522495966863,5504.560008369693
2005,"Greeley, CO",84731,3552.0431145861867,86696.39448645718,3322.114999467368,1965.3944864571822,4863.4821226735485,1384,680.2833961774016,413,279.5869112144769,6877,1170.1777380298868,86193,3532.0227155315697,0.07978606151311592,91259.36261732335,6339.470397888147,84396,3607.7886305974353,6863.36261732335,7294.177385337445
2005,Not in identifiable area,388065,7879.953280861231,395332.7792193072,7641.325363065482,7267.779219307207,10976.498394879101,67864,3905.4171973980874,2543,711.4834771802475,26762,2624.4311487237524,494065,9215.70015354183,0.05416696183700525,416139.76759927074,14223.276179797762,423658,10034.322176610842,-7518.232400729263,17406.58515708427
2005,"Pueblo, CO",56399,2662.040364332699,56824.2108871214,2544.6075107919037,425.2108871214041,3682.5923322185877,196.00000000000003,196.0000000038042,174,174.00000000192423,4528,944.7445365746785,60815,2792.876515154927,0.07445531530050152,59814.95882854884,4783.158958794788,60445,2805.1472740136282,-630.0411714511574,5545.039301394079
2006,"Colorado Springs, CO",219225,5309.164682770619,226336.8255941579,5076.326955445882,7111.8255941579155,7345.4969190222455,1688,574.1599621736219,409,290.146268192079,13884,1792.5695721075708,239752,5712.677659849204,0.05790984016817378,238249.2900991136,9540.324368089336,237655,5748.785138135638,594.2900991135975,11138.506166125168
2006,"Denver-Aurora-Lakewood, CO",953486,11432.3277499826,981050.2538371864,10810.11487829339,27564.253837186392,15733.934710202733,8550,1282.7185898795428,724,401.4590577488573,51217,3457.6346781616926,1031067,12105.068432536438,0.04967378453582551,1032684.4777233541,20472.3939316857,1021793,12179.458859582446,10891.477723354124,23821.37971248481
2006,"Fort Collins, CO",107339,3862.153372866022,109140.11245923386,3761.530534185233,1801.1124592338665,5391.228119375792,2445,720.4662392956743,207,206.99999999574348,4647,1049.2443559633634,115541,4088.11168707777,0.04021948918565704,114884.3289044567,6980.905441808149,112889,4156.269693846267,1995.3289044567064,8124.507280780267
2006,"Grand Junction, CO",52954,2681.0757709349186,54051.01261438726,2566.239483164386,1097.012614387259,3711.3006311057698,368,295.48928436110515,NA,NA,850,403.41918191828876,55597,2779.273079635719,0.015288594708347572,56895.802751986594,4819.3883203949645,55229,2794.9369882628935,1666.8027519865936,5571.191663470164
2006,"Greeley, CO",81311,3263.5846100688395,85416.76660381994,2858.144609468002,4105.76660381994,4338.199524654114,988,477.4732578599849,NA,NA,6325,1145.6598041502125,90301,3540.3901416888543,0.07004352111272301,89912.38589875783,5714.438109397596,89313,3572.442171307893,599.3858987578278,6739.224434122567
2006,Not in identifiable area,378833,7295.441877315961,392111.43855192047,7019.664882810231,13278.43855192047,10124.187239095028,81040,4133.133069244671,1597,514.1722128015516,25457,2290.021472288761,499918,8791.62723237809,0.05092235126560756,412748.8826862321,13135.671314121393,417281,9728.3025973493,-4532.1173137679,16345.816966374754
2006,"Pueblo, CO",56747,2680.901182077836,58889.3539303605,2547.0828069212416,2142.3539303605016,3697.9537549001516,744,362.13709118500196,248,247.99999999593066,3969,931.7571436129296,63059,2917.042319970209,0.06294105520227089,61988.79361090579,4807.898985559322,62067,2949.878500770344,-78.20638909420813,5640.715896466462
2007,"Colorado Springs, CO",217038,5261.568391089278,224155.63378870988,5066.205313145817,7117.633788709885,7304.145275736012,3167,798.0356064510014,NA,NA,18679,2054.810843150254,243600,5795.955112399476,0.07667898193760263,235953.29872495777,9475.709733359134,240433,5850.637272478379,-4479.701275042229,11136.38322998047
2007,"Denver-Aurora-Lakewood, CO",960987,11477.89257295026,999539.0765723422,10962.073512763927,38552.076572342165,15871.643696083505,8009,1229.4076512289528,1013,408.1782946268038,56342,3580.6794125826464,1044751,12192.542110191915,0.0539286394557172,1052146.3963919391,20617.908777611257,1035729,12261.16372135646,16417.39639193914,23988.211649971057
2007,"Fort Collins, CO",106586,3780.0447927426476,109926.71341081677,3551.405598326266,3340.7134108167675,5186.638637784972,1435,511.7635252422317,NA,NA,6472,1306.078414694984,116979,4109.602880454319,0.05532616965438241,115712.32990612292,6755.726738166732,115544,4141.344919323527,168.32990612291906,7924.050826539902
2007,"Grand Junction, CO",53193,2705.6687548249442,54616.6561690567,2485.7389309870996,1423.6561690567069,3674.172212058228,383,233.6125883096273,NA,NA,1315,540.9219229409887,56977,2847.193716246174,0.02307948821454271,57491.21702005969,4803.067447237354,56594,2856.7616105038273,897.2170200596884,5588.429457545257
2007,"Greeley, CO",85764,3555.529914914175,89118.98289266492,3177.5849182141005,3354.982892664919,4768.525861134793,678,403.36768429356493,226,226.00000000316268,5367,1114.7302587194315,92599,3756.890933778463,0.05795958919642761,93809.4556764894,6261.223218587251,91695,3785.235920922313,2114.4556764893932,7316.483251536676
2007,Not in identifiable area,381476,7428.029400514945,395390.0759038641,7178.729388689212,13914.075903864104,10330.042420578175,82334,4106.582355233083,2170,670.737405984947,25972,2396.617743000477,509684,9018.24428390432,0.05095706359234349,416200.07989880437,13393.07288541249,425180,9931.899982997817,-8979.920101195632,16673.8429459511
2007,"Pueblo, CO",56152,2705.197916560054,57440.13671256997,2565.970434049245,1288.1367125699674,3728.57882257781,623,362.1278193820151,NA,NA,3946,912.9362673749841,62768,2946.410397333686,0.06286642875350497,60463.30180270523,4849.010614329471,62145,2968.580601413144,-1681.6981972947688,5685.540847181233
2008,"Colorado Springs, CO",222039,5382.156352569403,229979.23978540752,5127.20943217064,7940.239785407522,7433.430134523547,2071,672.0568381043013,640,371.3132534605964,16632,1951.2140644163107,246193,5859.52724017702,0.06755675425377651,242083.41030042898,9660.353369444823,243482,5909.618719021962,-1398.589699571021,11324.575957922607
2008,"Denver-Aurora-Lakewood, CO",977956,11538.733070325537,1012775.6758144571,11045.639782574837,34819.67581445712,15973.36905836161,7468,1220.392785069217,3467,905.8938785976546,51421,3427.2690529418023,1058306,12210.762380501143,0.04858802652540947,1066079.6587520603,20742.2082274945,1047371,12304.987614060878,18708.658752060262,24117.460942954425
2008,"Fort Collins, CO",113227,3951.822311627647,116275.68572549449,3819.281953988251,3048.6857254944853,5495.7996894663465,1160,499.5038668431127,192,191.99999999510877,3685,963.6997567385823,118856,4115.465567792294,0.03100390388369119,122395.45865841526,7125.368343254563,117504,4150.111438584908,4891.458658415257,8245.865568861014
2008,"Grand Junction, CO",55763,2762.7822404482513,57947.81897771451,2531.542661905855,2184.818977714508,3747.2221654427753,245,185.30233613192078,NA,NA,1352,570.9127904108129,57939,2850.0234677201965,0.023334886691175203,60997.70418706791,4900.634778864239,57694,2856.0410925495803,3303.7041870679095,5672.141743481518
2008,"Greeley, CO",85994,3528.4731888328456,88994.92476101848,3025.505571998821,3000.924761018489,4647.989566523159,651,338.8989054572139,542,313.1543758118783,4478,920.6567966822721,93996,3751.688906518536,0.04764032512021788,93678.86816949314,6142.7100279384495,92803,3779.958701163873,875.8681694931438,7212.556708258179
2008,Not in identifiable area,386674,7311.885126754093,400700.141853874,6923.003003584958,14026.141853874029,10069.341323765624,86613,4238.127057777598,1481,529.8091233496416,22566,2186.8547192015185,513079,8887.769862695628,0.04398153110924439,421789.62300407793,13099.03884322988,424985,9860.774401500714,-3195.3769959220663,16395.72171067004
2008,"Pueblo, CO",56989,2800.7837619388183,57924.06661709786,2652.507426413028,935.0666170978568,3857.4843263863595,290,290.0000000007782,500,365.30781451576473,3239,813.2380200448023,63755,3052.45365841704,0.05080385852090032,60972.70170220827,5017.926314526036,62965,3087.8832776078675,-1992.2982977917272,5891.910355236504
2009,"Colorado Springs, CO",227166,5460.419010888946,233442.6999428143,5109.858049850833,6276.6999428143135,7478.423969266704,3615,802.799857696467,106,106.00000000095099,12561,1694.5832275742812,247623,5841.524065684708,0.05072630571473571,245729.15783454137,9747.107012442215,243902,5897.383065520779,1827.1578345413727,11392.331725046082
2009,"Denver-Aurora-Lakewood, CO",978515,11434.711013580749,1024030.7832576096,10839.607527712256,45515.783257609546,15755.941968633328,11279,1593.7604464638719,4067,939.6403803004947,53114,3485.7751184442427,1063716,12170.383981410054,0.04993250078028346,1077927.140271168,20492.612635113008,1048370,12310.20887962371,29557.14027116797,23905.823877724015
2009,"Fort Collins, CO",111661,3994.6749645072687,114490.86335572998,3901.3641303701593,2829.863355729979,5583.73263595241,1703,611.662203472339,218,218.0000000022802,5401,1194.162147794087,120361,4255.03443522695,0.0448733393707264,120516.69826918945,7226.873380708149,118440,4304.297003707431,2076.698269189452,8411.579611280678
2009,"Grand Junction, CO",55181,2824.301670413315,57624.3322562966,2706.8242521180146,2443.332256296599,3911.9787138165375,822,454.5648385838613,NA,NA,1315,528.5172692350427,58206,2940.2724838140593,0.022592172628251382,60657.191848733266,5078.907268219459,57384,2975.202761418265,3273.191848733266,5886.181318199713
2009,"Greeley, CO",86074,3567.8892444101807,92748.95255580024,3278.3267933821944,6674.952555800232,4845.333861003329,238,185.3967681969925,529,364.6213750063661,6072,1188.7013752001008,94504,3823.258260897369,0.06425124862439685,97630.47637452657,6333.9295531642,93737,3845.0779495725956,3893.4763745265664,7409.675298063758
2009,Not in identifiable area,394090,7321.324350915533,408138.0563613989,7071.790517881273,14048.056361398909,10178.998545048733,85738,4075.925816661888,1554,437.10430271414134,24098,2163.1389948952733,519218,8791.801015487255,0.04641210435693678,429619.00669620937,13198.41347098772,431926,9700.515271381455,-2306.9933037906303,16379.80813933591
2009,"Pueblo, CO",57486,2733.75737641173,58690.072435876245,2659.7023283173735,1204.0724358762477,3814.1114126808625,673,328.36017704806085,464,295.40443392323226,3372,858.5485973314412,64274,2980.3337387604183,0.05246289323832343,61779.02361671184,4939.621623719344,63137,3012.88456132096,-1357.976383288158,5785.960176613898
2010,"Colorado Springs, CO",235116,5688.143793267608,243649.5901909334,5361.362019454183,8533.590190933399,7816.596606998128,1501,542.4127835721545,483,341.5681472718898,13302,1790.2432504775904,253120,6032.3144412993415,0.052552149178255375,256473.2528325615,10175.967687181024,251136,6066.275459103537,5337.2528325614985,11846.9412219473
2010,"Denver-Aurora-Lakewood, CO",1007898,11610.452899678501,1041788.0750164555,10997.56527930879,33890.075016455434,15992.156158827087,10767,1427.6830633060288,4903,1067.1286589357849,46958,3240.6159760906976,1082269,12202.060925482772,0.043388473660430076,1096619.026333111,20802.505579536897,1066599,12331.558430837786,30020.026333111105,24182.87765589179
2010,"Fort Collins, CO",112902,3929.14624351388,116459.32037327236,3725.867977980634,3557.32037327236,5414.820624199912,2481,763.5361201332718,441,331.965141103859,4442,1039.5517742294282,122002,4193.554273874179,0.03640923919280012,122588.75828765513,7042.291917531035,119080,4275.404742195137,3508.7582876551314,8238.504789177925
2010,"Grand Junction, CO",55778,2937.4087370484526,58498.37288423818,2843.1314564922145,2720.3728842381806,4088.002760197714,1305,585.9630186337299,258,257.99999999464313,1776,637.6623478515417,60582,3137.8372243671593,0.02931563830840844,61577.23461498757,5298.840792675257,59019,3202.489516895846,2558.2346149875666,6191.41767707099
2010,"Greeley, CO",89127,3535.3607711880363,90810.77320125508,3306.699086241864,1683.7732012550887,4840.767979299157,104,73.55263892724818,358,256.2223494940104,3656,901.4279714373102,96459,3756.103716838931,0.03790211385148094,95590.28758026852,6309.805095686785,95997,3765.5510904414277,-406.71241973148426,7347.993968443328
2010,Not in identifiable area,399736,7248.726332586749,409249.7624510097,6942.176116962792,9513.762451009714,10036.824332609649,89880,4167.228607220938,3692,835.8072361784418,26970,2298.219930598434,534092,8803.686477472216,0.050496918133954447,430789.22363264184,13032.321895682628,440520,9775.953334305354,-9730.776367358165,16291.429574693708
2010,"Pueblo, CO",60085,2795.0264806313844,62222.49361865495,2694.5021196271905,2137.493618654954,3882.3336667661742,384,222.14821877158786,695,404.56451922300283,3600,879.3685345740778,65738,2998.0373071887007,0.05476284645106331,65497.361703847324,5035.572927875445,64659,3033.3562231648307,838.361703847324,5878.626088514636
2011,"Colorado Springs, CO",237721,6301.900897528173,248167.79925683435,5933.990093885925,10446.799256834349,8655.991760428304,2295,672.0496335364725,912,488.12393741402246,9525,1527.910608508132,254569,6629.9602624425615,0.03741618186032078,261229.2623756151,11270.54102720177,251362,6681.787842320386,9867.2623756151,13102.342684253792
2011,"Denver-Aurora-Lakewood, CO",1011853,12856.74528841003,1056194.114268448,12071.356010518652,44341.11426844792,17635.575843837316,10752,1491.1488202024514,5815,1390.6552827589564,43777,3514.370353838054,1083819,13491.400289374218,0.04039143067246468,1111783.2781773137,22973.1731963373,1067252,13644.60804448348,44531.27817731374,26719.69340012145
2011,"Fort Collins, CO",115112,4494.578886872748,119699.72133293566,4348.066434661243,4587.721332935655,6253.5526775225935,1128,509.40578738533577,236,236.0000000035326,2643,762.6991382330625,121200,4654.354118238696,0.021806930693069305,125999.70666624806,8106.504379388447,119836,4688.091564185672,6163.706666248065,9364.486946289846
2011,"Grand Junction, CO",58595,3240.4216668916415,59005.08001553642,3098.9033261559225,410.08001553642106,4483.696511152494,826,405.0396373796006,85,85.0000000010447,1211,479.41096248469086,61503,3335.0244480627684,0.019690096418060906,62110.61054266992,5823.238095823037,60592,3360.605626524057,1518.6105426699214,6723.375052581096
2011,"Greeley, CO",90461,4636.453501547529,92384.20999345831,4198.126616120406,1923.209993458312,6254.675703582953,829,637.6037301815749,214.00000000000003,214.0000000012942,2841,1008.6995867411174,97039,4851.990742145162,0.02927688867362607,97246.53683521927,8195.510508657197,95996,4898.382251172766,1250.5368352192745,9547.802950213987
2011,Not in identifiable area,402170,7810.715215963719,413691.6282783393,7531.197519874813,11521.628278339267,10850.170886592326,90854,4554.3452900148095,2787,747.9749935838508,29881,2674.0359302570605,539830,9568.877736668137,0.05535261100716892,435464.87187193613,14072.762259812784,446189,10623.791637217382,-10724.128128063865,17632.571745840734
2011,"Pueblo, CO",59488,2692.1428478707544,61237.05102270324,2511.3844715417904,1749.05102270324,3681.6687897260526,1222,482.76477753000853,1392,612.4012653643249,3738,851.1751830555164,66701,2943.3318820769296,0.05604113881351104,64460.05370810868,4801.006149232579,64087,3044.8809021526517,373.05370810868044,5685.152570799045
2012,"Colorado Springs, CO",247966,6324.111434066617,262417.5476921759,6034.857647204479,14451.547692175873,8741.5040040324,6148,1284.492027364675,445,267.69531645158287,10394,1644.471545676779,269696,6739.721620832667,0.03853968913146654,276228.9975707115,11357.122927925335,263103,6866.25284104313,13125.997570711479,13271.385356365032
2012,"Denver-Aurora-Lakewood, CO",1052875,12455.072750443695,1108583.512084048,11782.585703133864,55708.5120840481,17145.208166439377,12444,1719.331991557856,3971,920.3473860096393,35592,2947.6628162799293,1115639,12968.378163448584,0.03190279292853692,1166930.0127200505,22307.02410498475,1099224,13114.18979572658,67706.01272005052,25876.346311230067
2012,"Fort Collins, CO",124033,4390.832363682732,126642.79242903205,4071.0736776011245,2609.7924290320534,5987.741622216211,6670,1281.2728964221615,287,286.9999999942912,3152,906.7625441433108,134704,4675.548875861373,0.0233994536168191,133308.20255687585,7815.919444631485,127747,4856.417046102127,5561.2025568758545,9201.81413041145
2012,"Grand Junction, CO",51627,3120.24521362544,53134.67672566813,3095.1990182655795,1507.6767256681262,4395.018447722908,1232,656.8623369831464,68,68.00000000161265,735,406.952521892886,54524,3249.9529469843496,0.013480302252219207,55931.23865859803,5673.685904596676,53224,3316.366428391085,2707.2386585980275,6571.833688657865
2012,Not in identifiable area,460275,8184.598512868343,478138.72233991005,7862.822907210272,17863.722339910048,11349.521438677371,79991,3858.8162701215256,4597,880.0533803275968,30154,2489.8886126166917,590349,9530.343667204812,0.05107826048659352,503303.9182525369,14729.29467270941,505761,10319.51584977762,-2457.0817474630894,17984.563629104745
2012,"Pueblo, CO",59331,2703.7557619656623,61060.13143217098,2606.420616249231,1729.1314321709824,3755.492464267708,643,296.8811882810903,NA,NA,2614,711.9754975659731,65624,2900.154216950388,0.039832987931244665,64273.82256017998,4871.082500921706,64981,2915.3100902048673,-707.1774398200214,5676.836940835625
2013,"Colorado Springs, CO",250598,6350.42971347496,266246.84786553524,6009.138663644527,15648.847865535228,8742.865950287309,4542,1016.9209726159038,1608,743.6467579643446,10394,1722.8723455444222,271918,6767.968699470401,0.03822475893467884,280259.83985845814,11374.543311058982,265768,6884.223927371045,14491.839858458145,13295.592300358214
2013,"Denver-Aurora-Lakewood, CO",1067436,12463.761906411008,1121678.9760406408,11766.136476977914,54242.97604064075,17140.225449350786,11309,1603.0549726205188,3152,882.1917228059779,31954,2843.007576951841,1127138,12952.704871896167,0.028349678566422214,1180714.7116217273,22308.158807456468,1112677,13081.307693784802,68037.71162172733,25860.675945500167
2013,"Fort Collins, CO",123880,4344.283136363093,127717.86790061081,4047.187281134031,3837.8679006108146,5937.383334219025,5795,1165.5039787655012,367,264.05470676094353,3008,921.7699744340429,136079,4693.326494873012,0.022104806766657603,134439.8609480114,7744.201070678831,129917,4843.081457105364,4522.8609480113955,9133.897756339347
2013,"Grand Junction, CO",52301,3187.230976869539,54194.30210549069,3115.671209164949,1893.3021054906912,4457.112112515921,1319,621.7368175982242,NA,NA,1106,511.47272113749244,55661,3356.4154522868107,0.019870286196798478,57046.633795253365,5767.834169477829,54342,3413.5145171372633,2704.633795253365,6702.237862483161
2013,Not in identifiable area,448707,7992.9119779875755,472730.90078156866,7685.848540502782,24023.90078156865,11088.683856770649,91659,4223.32452922781,3661,909.9139251637164,26902,2380.7103603808805,590186,9532.949217622712,0.04558224017513123,497611.4745069144,14388.57470580591,494866,10466.209161685889,2745.474506914383,17792.487636098424
2013,"Pueblo, CO",59809,2870.3937531612537,61277.93506360918,2661.790167920071,1468.9350636091733,3914.6247835805552,655,342.87383071928724,517,258.6438768097885,2809,794.9657249708606,66309,3084.3932620385103,0.04236227359785248,64503.08954064124,5109.7047954162135,65137,3114.1517165533023,-633.9104593587617,5983.897058774602
2014,"Colorado Springs, CO",255318,6375.274726621729,267176.16605306213,6050.77122518821,11858.16605306215,8789.536976397983,3665,910.7487597414535,701,497.31738337627223,9463,1596.5209749272976,275214,6757.058343749812,0.034384151969013205,281238.0695295391,11429.66389403481,270848,6836.272766940899,10390.06952953909,13318.102044759258
2014,"Denver-Aurora-Lakewood, CO",1088326,12649.366171044352,1148217.7418989888,11857.189034628265,59891.74189898885,17337.80252315933,9671,1451.9936684358488,2565,778.7777073635294,33137,2868.950465141603,1144970,13090.752299985223,0.02894136964287274,1208650.2546305147,22591.294890563255,1132734,13194.035626381816,75916.25463051465,26161.979683170423
2014,"Fort Collins, CO",125176,4479.2682551832495,130685.7815029895,4269.472449001531,5509.7815029895055,6188.072324615761,5041,965.9321187617103,226.99999999999997,226.9999999982312,4554,1238.0835736040397,138540,4842.649639512321,0.032871372888696404,137563.98052946263,8041.174043396719,133272,4943.258984629826,4291.980529462628,9439.08307969162
2014,"Grand Junction, CO",51862,3238.210662594707,52921.07112128017,3152.0562048537467,1059.071121280172,4519.011685523624,767,454.08186726526634,373,266.6024809407,1552,671.4287969177504,54780,3360.571267498437,0.028331507849580138,55706.39065397913,5852.051742314571,53640,3401.574116340683,2066.390653979128,6768.84155994849
2014,Not in identifiable area,458387,8155.330802565571,483158.43487558234,7975.875195172901,24771.434875582316,11407.190961330014,89929,4059.8150913339496,2759,683.769478779337,23759,2182.36554797963,596685,9565.135727591225,0.03981832960439763,508587.8261848235,14760.63590908162,503997,10413.52297559165,4590.826184823527,18064.26951757654
2014,"Pueblo, CO",60531,2814.514977540988,62633.28516869107,2698.4837464301527,2102.2851686910753,3899.1420964810018,180,139.28380242954475,159,158.9999999981039,2186,641.1041107713356,66091,2990.9253597719544,0.03307560787399192,65929.77386178008,5061.921683787779,65752,2998.3854797783465,177.77386178007873,5883.3125548577245
2015,"Colorado Springs, CO",261458,6452.66812020914,273402.3178039828,5964.018617564997,11944.317803982833,8786.719748587937,4008,885.5505036372103,749,405.57899032141887,11027,1737.1220049435387,281288,6817.127664309324,0.03920181451039504,287791.9134778767,11475.295387107577,276531,6886.357789381392,11260.91347787669,13382.986506185613
2015,"Denver-Aurora-Lakewood, CO",1107696,12662.359062199626,1174852.1260638172,11964.005245606937,67156.12606381714,17420.469526880708,10560,1512.2102887715766,2159,739.2049214634961,27272,2557.451234140445,1160900,13056.320090130914,0.023492118184167455,1236686.4484882287,22669.688734537784,1148181,13164.372304418413,88505.44848822872,26214.795163994087
2015,"Fort Collins, CO",129204,4383.754271881939,136277.51332407937,4034.645430719428,7073.513324079358,5957.82387016168,7969,1349.198578816727,40,39.999999999714724,2132,718.7148697409237,140887,4679.648792391403,0.015132694996699482,143450.0140253467,7786.127786671164,132878,4870.426020915559,10572.014025346696,9183.944443189112
2015,"Grand Junction, CO",51626,3096.609430188921,54331.12095545415,2979.049712123044,2705.120955454148,4296.943931497751,505,364.22079750432437,365,364.9999999952484,1274,573.0949058956013,55435,3274.187376279004,0.022981870659330748,57190.65363732016,5575.243767058779,54565,3314.54141086154,2625.6536373201598,6486.102668509324
2015,Not in identifiable area,466108,8292.005550066184,485389.72615066945,7858.739217823955,19281.726150669438,11424.409750008648,90678,4148.169227431828,3052,761.7486219039034,26873,2328.5740448966126,604528,9682.095804494631,0.04445286239843316,510936.55384281,14859.433489625355,510798,10560.802434938238,138.5538428099826,18230.011291888906
2015,"Pueblo, CO",58639,2699.7532819775747,60521.904400169886,2437.3053863949776,1882.9044001698885,3637.186457978015,685,372.4438628755952,170,140.91836088375243,2708,708.7003879485004,66084,2960.7078191058813,0.040978149022456264,63707.26778965251,4768.060066927148,65229,2987.367269945656,-1521.7322103474871,5626.6117697392165
2016,"Colorado Springs, CO",267599,6441.52170079079,281311.8864744831,6128.32779726752,13712.88647448313,8890.984389398085,4781,1113.7539152722743,223,223.00000000032998,8266,1502.0912936360896,285536,6791.745553325544,0.028949064216070828,296117.77523629804,11557.051317816158,280532,6886.071771692608,15585.775236298039,13453.00782752831
2016,"Denver-Aurora-Lakewood, CO",1124076,12739.813283744505,1190755.515715167,12070.122140598196,66679.51571516696,17549.66355784725,11885,1597.7071746392646,2142,762.8886570607029,28360,2700.763208652399,1177769,13150.050702847551,0.024079424742882518,1253426.8586475442,22827.633870862875,1163742,13268.703810336074,89684.85864754417,26403.77565706452
2016,"Fort Collins, CO",131404,4491.458333377432,138183.3501716354,4300.022558310261,6779.350171635399,6217.989382625439,6971,1131.70117304272,215,215.0000000037265,3181,868.5164813672851,143273,4754.128604762028,0.022202368904120105,145456.1580754057,8074.211876183645,136087,4891.698205703661,9369.158075405692,9440.424183117484
2016,"Grand Junction, CO",53441,3170.990076153141,55236.23654437337,3112.404742196677,1795.2365443733734,4443.224205721569,926,445.27167563862173,NA,NA,907,446.369719810176,57759,3370.6315721529736,0.01570318045672536,58143.406888814076,5746.001322405681,56833,3399.915301933337,1310.4068888140755,6676.522692046234
2016,Not in identifiable area,473058,8227.580886698897,498179.9928135472,7829.0555559786235,25121.9928135472,11357.25310740994,91051,4141.162414209503,1562,497.8375501079386,23127,2162.3210327511088,608163,9628.706218483307,0.038027634038900755,524399.9924353128,14762.394591129376,515550,10493.286034842376,8849.99243531283,18111.80128737128
2016,"Pueblo, CO",59472,2842.6518701751393,63960.09687397527,2756.8673655177545,4488.09687397527,3959.92264142458,281,199.25092826042138,482,291.8042950775067,2756,789.2870176087215,66640,3091.934202809286,0.04135654261704682,67326.41776207923,5131.150533380157,65877,3112.0584495700296,1449.4177620792325,6001.134358581524
2017,"Colorado Springs, CO",268122,6510.35815159041,287054.1654590005,6158.252347165439,18932.165459000502,8961.519694412791,5639,1188.3318929447278,NA,NA,5247,1125.3265230004656,284800,6824.757805182549,0.018423455056179774,302162.2794305269,11659.699206685873,279161,6927.44193676062,23001.27943052689,13562.375801369792
2017,"Denver-Aurora-Lakewood, CO",1140881,12751.945664858244,1213640.2100196688,11924.095080549725,72759.21001966874,17458.41234847794,13058,1722.1218182767925,2508,835.7824918823205,38275,3066.276751190149,1205162,13243.94222265907,0.03175921577348108,1277516.0105470198,22757.50230853496,1189596,13381.563493398431,87920.01054701977,26400.192288141156
2017,"Fort Collins, CO",134709,4553.917860614839,141393.7464857883,4327.346078025129,6684.746485788291,6282.045205203978,7649,1339.6892792846877,303,302.999999999078,3791,883.0354468458617,148552,4902.64398963871,0.02551968334320642,148835.52261661924,8167.380552385366,140600,5091.413797185447,8235.522616619244,9624.3752805911
2017,"Grand Junction, CO",54980,3127.939657128549,56815.894665250475,2922.438259289412,1835.8946652504776,4280.730297273584,508,328.8491172232531,114,114.0000000021644,1637,674.7126575869912,58443,3269.1150484367786,0.02801019797067228,59806.20491078997,5580.7999284282805,57821,3287.590446180121,1985.204910789973,6477.158233589782
2017,Not in identifiable area,478485,8301.500085303083,504483.0764739188,7881.881897247992,25998.0764739188,11447.225249310537,96592,4218.078030395077,1528,424.4505750294891,21655,2037.2655275461382,621147,9743.334876458004,0.03486292294738604,531034.8173409671,14884.741655629645,523027,10625.672452882565,8007.817340967129,18288.2598743233
2017,"Pueblo, CO",61990,2809.3604905748575,65379.487476412745,2659.8818741608434,3389.4874764127476,3868.78248942641,827,461.4327568766807,107.00000000000001,107.0000000006471,796,348.30894051365146,67391,2988.825144733077,0.01181166624623466,68820.51313306605,5032.85431056297,66457,3026.1270520101516,2363.5131330660515,5872.569066963786
2018,"Colorado Springs, CO",271698,6620.844602592708,289701.4363776145,6120.29930885662,18003.436377614515,9016.29895698184,4282,1017.9932308481676,532,359.69116682223773,7279,1373.2126676240441,288688,6920.992611949852,0.025214071939256223,304948.88039748895,11774.860780839286,283874,7004.700328222976,21074.880397488945,13700.845707340632
2018,"Denver-Aurora-Lakewood, CO",1164261,13126.134216449376,1240791.4218760463,12424.524113687849,76530.42187604634,18073.854014013003,9418,1457.7698572662405,661,405.9021205334682,37159,2969.1940044873395,1223774,13542.085706492115,0.0303642666047816,1306096.233553733,23513.056392749953,1213695,13626.369097092067,92401.23355373298,27176.124736592323
2018,"Fort Collins, CO",139391,4752.864306761692,142828.36758339644,4488.278363499332,3437.3675833964303,6537.152421868833,6469,1144.5074095644402,235,235.0000000022932,3588,937.0983665700892,151840,5027.40826241133,0.02363013698630137,150345.65008778573,8507.717266140939,145136,5161.390902412903,5209.6500877857325,9950.940112778457
2018,"Grand Junction, CO",55510,3316.8639120183725,57415.75411890538,3126.087517759418,1905.7541189053825,4557.851399457979,848,426.33680924942394,NA,NA,1217,642.8601416129934,58997,3472.736320831048,0.020628167533942404,60437.63591463725,5933.668019584354,58149,3498.808458452698,2288.635914637249,6888.401613986966
2018,Not in identifiable area,483755,8380.78270927686,517077.87121342967,8279.31376964568,33322.871213429695,11780.68568956657,99195,4337.652551610262,2057,566.7188619379068,23437,2098.2942902821896,633187,9886.167292534426,0.037014341734748185,544292.4960141366,15218.521815386637,531935,10810.767949731633,12357.496014136588,18667.514829466287
2018,"Pueblo, CO",62153,2859.7690463804224,65050.15181802713,2628.468601196395,2897.1518180271332,3884.2150025598385,291,185.92717318864598,629,309.929805350787,1684,499.106748802126,67642,3007.0631160807166,0.024895774814464387,68473.84401897593,5077.286904437097,66722,3028.7050008324954,1751.8440189759276,5912.01287989431
2019,"Colorado Springs, CO",275798,6846.669034569518,294965.2952650561,6354.646001507438,19167.2952650561,9341.2206201014,5131,1126.7554576574166,872,458.2456245840742,7939,1523.0799343815206,293652,7186.893943834467,0.027035402449157506,310489.7844895327,12191.240647422606,287649,7289.1022405873655,22840.7844895327,14204.131793147546
2019,"Denver-Aurora-Lakewood, CO",1188045,13607.463625447883,1266142.4418111749,12828.345127873092,78097.44181117484,18701.056254599967,8701,1396.2206200454161,1228,555.7480864581851,34065,2982.147975598217,1247013,14059.261721621282,0.027317277365993778,1332781.5176959736,24344.99434020241,1237084,14139.346806429474,95697.51769597363,28153.150401633116
2019,"Fort Collins, CO",146623,4956.63909118688,150810.5149964062,4592.6557641015615,4187.514996406183,6757.274454084072,4592,991.2796727650747,40,39.999999999714724,2042,704.0565849497315,154407,5119.950884400234,0.013224789031585355,158747.91052253282,8821.34336464104,149775,5215.182877743401,8972.910522532824,10247.645154141728
2019,"Grand Junction, CO",55950,3336.8056562097536,57859.852374377864,3051.5300999612355,1909.8523743778608,4521.737269930975,368,317.7954384875333,NA,NA,874,457.7827494732155,59457,3489.2686835087266,0.014699698942092604,60905.107762503016,5915.41297974049,59089,3503.7108736935197,1816.1077625030157,6875.1800418113035
2019,Not in identifiable area,505848,8907.284751050653,528252.6012372669,8436.918859655516,22404.601237266856,12268.713114288328,93522,4364.636667055599,1034,383.14541897933054,23062,2236.46931101653,641883,10273.89226683103,0.03592866612762762,556055.3697234389,15959.125182288173,547327,11169.141236368241,8728.369723438867,19479.30677775485
2019,"Pueblo, CO",62899,2929.3791637801964,64963.14747614234,2802.3290302506116,2064.147476142338,4053.9252927224616,957,450.5926906088497,122,96.1352707752189,1415,442.6216107349987,67697,3072.958746657897,0.020901960205031243,68382.26050120246,5264.796856828622,66618,3107.3061036496583,1764.2605012024578,6113.381810867939
2020,"Colorado Springs, CO",277121,7941.874554386479,298831.1853196935,7402.392589948257,21710.185319693523,10856.739266157785,3803,952.0586439717558,729,384.0395018582443,8678,1849.0387334404634,295263,8312.466797349824,0.02939074655476643,314559.1424417827,14159.446556743998,290731,8375.619753641644,23828.142441782693,16451.16813636289
2020,"Denver-Aurora-Lakewood, CO",1185731,15760.162556103469,1279829.2648518046,14965.489486490636,94098.2648518046,21733.582294805143,10692,1688.9547365300448,1414,539.808354452376,34889,3088.2379831034937,1246707,16182.267652881119,0.027984923482422094,1347188.6998440048,28259.410182964835,1234601,16279.119986997652,112587.69984400482,32612.942391635304
2020,"Fort Collins, CO",145449,5805.5430322747525,153722.83798827953,5430.097627717655,8273.837988279522,7949.232047571567,3551,822.4648661867404,837,571.4230972385412,4172,1076.2258261794716,153772,5970.89216200953,0.027131077179200373,161813.5136718732,10361.585780394256,149384,6054.2981445016485,12429.513671873196,12000.707725254564
2020,"Grand Junction, CO",46155,2854.1535853246146,50866.3183797636,2650.263705285415,4711.318379763601,3894.880023335061,394,290.0273738065138,262,262.00000000051574,1811,737.570532392096,49197,2991.8441795310664,0.03681118767404516,53543.49303133011,5082.835499448637,48541,3017.26556208619,5002.493031330108,5910.931245295158
2020,Not in identifiable area,485862,9426.660116447449,517982.7101947806,9068.467040517486,32120.71019478061,13080.48223178232,94528,4386.71629858635,8027,1213.6748369654347,22447,2271.004718355288,622584,10752.120266683938,0.036054572555671204,545244.9580997691,16971.899093955133,520029,11675.803044048049,25215.95809976908,20600.236299100958
2020,"Pueblo, CO",65265,3780.9938873407436,70018.43238895155,3529.8900783929116,4753.432388951549,5172.623970640509,454,249.95150072151336,731,309.44829117125477,393,210.38728646054338,70142,3888.3484965983425,0.005602919791280545,73703.61304100163,6744.399832864547,68957,3908.6427348403613,4746.613041001634,7795.153438782566
2021,"Colorado Springs, CO",294801,7292.166178020769,308087.22430688125,6810.298369411509,13286.224306881279,9977.767859009302,3849,963.427783027407,1014,439.21812575350714,6173,1199.1046130249042,309585,7502.952806153746,0.01993959655668072,324302.3413756645,13008.905495027573,304722,7577.295458570286,19580.341375664517,15054.800850394151
2021,"Denver-Aurora-Lakewood, CO",1225311,13629.325746079983,1287391.4203576783,12847.102294913851,62080.42035767828,18729.830689804417,10143,1435.9761255428552,2108,616.5914404135248,42148,3060.1290520712587,1297416,14082.002809288462,0.032486110854190176,1355148.8635343984,24383.02570108169,1285165,14168.451417086077,69983.86353439838,28200.655274265147
2021,"Fort Collins, CO",152127,5371.8217273186665,154966.9506627156,4986.981731439606,2839.950662715586,7329.833249113193,6078,1054.516152410354,464,256.9819897242667,2061,668.3116459664802,162058,5544.205753116648,0.012717668982709894,163123.10596075325,9565.804988325835,155516,5649.447892637715,7607.105960753252,11109.495333556253
2021,"Grand Junction, CO",56408,3327.848847356993,57742.6028806483,3118.5030011144304,1334.6028806482982,4560.662114081131,235,185.62587170773682,473,344.5414622394724,1704,682.3311532570556,60179,3473.1287115045757,0.028315525349374367,60781.68724278769,5942.868989162499,59471,3495.1092729880143,1310.6872427876879,6894.452890003391
2021,Not in identifiable area,518631,9009.628977089871,542779.2957237075,8594.276541386702,24148.29572370752,12451.305296018054,81992,3745.5737226257165,7847,1132.4624501065055,21514,2006.1131801781387,642071,10094.412140143806,0.033507197802112226,571346.627077587,16177.972024138606,552232,10826.308242776397,19114.62707758695,19466.27157370973
2021,"Pueblo, CO",65734,3123.9666380181475,67431.2923434292,2708.8700278259535,1697.292343429197,4134.869330837939,935,354.1436302870925,784,314.33916702691255,977,464.64796177855465,69474,3216.7101790313122,0.014062814865993034,70980.30772992548,5455.060619141574,67755,3251.3768158556695,3225.30772992548,6350.522620792166
2022,"Colorado Springs, CO",306177,7262.4846336576975,315873.44110446854,6854.810182018805,9696.441104468555,9986.596301324233,3259,821.1369409282626,329,182.57291979138483,5841,1225.1909437349632,318557,7444.256243122589,0.01833580803435492,332498.3590573353,12998.009169518991,314969,7491.63198242331,17529.3590573353,15002.426208149385
2022,"Denver-Aurora-Lakewood, CO",1237670,14001.617600335003,1295650.4768462726,13278.105401962846,57980.476846272475,19296.46025807961,9538,1430.045070141057,1823,676.3889903497721,38983,3120.1851740582906,1303300,14442.902761882366,0.02991099516611678,1363842.6072066028,25095.90852787579,1291939,14529.279788003616,71903.60720660281,28998.3550567545
2022,"Fort Collins, CO",154385,5072.068109833949,158382.7696717016,4821.140392339468,3997.769671701581,6997.804626698412,4576,844.1594501820101,636,635.9999999924156,2538,893.066785644635,164525,5306.089043945613,0.015426227017170642,166718.70491758065,9097.510816249976,159313,5410.331054529068,7405.704917580646,10584.724142432193
2022,"Grand Junction, CO",59012,3273.2706566753236,60848.59186781501,3237.0935906383197,1836.5918678150126,4603.593781645313,932,482.44057177309776,NA,NA,1359,566.235262428691,62072,3380.96710262842,0.021893929630106973,64051.14933454212,5945.959451012128,61140,3415.21411544699,2911.1493345421186,6856.97610083547
2022,"Greeley, CO",123832,4699.8013883370295,133548.84468313566,4442.460617379674,9716.844683135643,6467.116005360044,83,58.796208138078015,582,356.2718560006641,3438,851.6800455471263,128978,4806.406426980455,0.026655708725519082,140577.73124540597,8415.242898323408,128313,4819.951179295139,12264.731245405972,9697.847307963306
2022,Not in identifiable area,440207,8443.683151229572,450345.86348572746,8268.513351283644,10138.863485727477,11817.956599967441,71282,3213.0344248815263,4343,881.765199297875,17427,1842.0895736873701,544830,9328.364415701682,0.03198612411210836,474048.27735339734,15288.903272522013,469205,9905.527888724355,4843.277353397338,18217.300733940534
2022,"Pueblo, CO",63281,3046.455522645668,65701.11109630189,2725.0656222628086,2420.1110963018864,4087.404298218721,427,314.60587487534474,259,186.13152381499032,992,370.1844699289406,67943,3196.9109078476163,0.014600473926673829,69159.06431189673,5366.125943716607,67257,3217.741623154171,1902.0643118967273,6256.929662159172
2023,"Colorado Springs, CO",311544,7297.261332457641,316998.62188284803,7025.036177570643,5454.62188284803,10129.222884819834,4251,913.6943288471984,587,320.3101363243982,7987,1523.1037950290981,327258,7561.064413584211,0.024405820484144008,333682.75987668213,13141.091553111019,322420,7622.803354171563,11262.759876682132,15191.952415131342
2023,"Denver-Aurora-Lakewood, CO",1257157,14520.839131632914,1309060.6123177256,13803.50611638559,51903.6123177256,20034.75855087493,10551,1445.3508031220297,2366,734.5932831541438,34764,2945.344860136673,1322418,14957.554666004298,0.026288208418215723,1377958.5392818165,26045.907038130037,1309501,15045.168919698031,68457.53928181645,30079.002331546162
2023,"Fort Collins, CO",156514,5055.1854132237295,161312.35906023267,4767.359353800526,4798.359060232675,6948.569260670814,4996,899.7890992804588,347,190.81104628922932,4343,1051.5010373840407,167381,5265.298118315357,0.0259467920492768,169802.48322129756,9045.132409916336,162038,5345.034476343924,7764.48322129756,10506.370156539511
2023,"Grand Junction, CO",62219,3242.225640231633,63839.294843653304,3060.1825216762827,1620.2948436533031,4458.334236926213,906,457.66029700049404,352,249.92777802046433,412,303.58831736416283,64516,3328.395907594634,0.006386012772025544,67199.25773016138,5802.738036529002,63258,3368.9963133505407,3941.2577301613783,6709.836427212663
2023,"Greeley, CO",129043,4889.551125321193,136446.340345903,4661.65565330057,7403.340345903015,6755.645316109994,329,211.67165797797134,97,97.00000000045532,3693,892.7748276372041,134498,4998.2915216822385,0.027457657362934765,143627.7266798979,8778.370159252956,134072,5003.711824886779,9555.726679897896,10104.301790790621
2023,Not in identifiable area,448425,8695.06636490733,458047.7716214668,8301.915492636612,9622.771621466767,12021.895854524051,72722,3271.4048772975552,3508,723.9362654180401,15737,1637.6847263230902,553584,9560.466847792704,0.028427483453278998,482155.5490752282,15617.667352972585,477354,10130.582408496415,4801.54907522822,18615.59113977965
2023,"Pueblo, CO",63359,3044.839917819994,64385.302207795845,2898.649726847574,1026.302207795848,4203.952945039178,1067,423.8789323873993,222,175.8236854741321,1843,577.0040949374085,68438,3185.9052104023644,0.026929483620210994,67774.00232399564,5463.986397907094,67149,3218.7853807553743,625.0023239956354,6341.587079263223
2024,"Colorado Springs, CO",316910,7367.113030487734,322314.79326896515,6968.856742082386,5404.793268965164,10140.972275657265,2308,615.738160323003,538,257.6657058998442,7066,1303.5961682895872,330484,7566.874403637272,0.021380762760073106,339278.72975680546,13194.209806182556,327638,7596.256534536978,11640.729756805464,15224.660447709815
2024,"Denver-Aurora-Lakewood, CO",1277119,14779.858689543686,1333068.9918615122,13949.370868257385,55949.991861512244,20323.119113538352,7191,1133.402923898703,1852,627.8779927990045,38730,3207.0823681077936,1341027,15205.671475474235,0.028880850273708136,1403230.5177489603,26451.72037272719,1331984,15260.775798818166,71246.5177489603,30538.251237730445
2024,"Fort Collins, CO",161481,5014.113708560392,164205.86439516107,4664.327256264164,2724.8643951610616,6848.159244344573,4343,859.8591751042808,189,189.00000000171454,3405,945.7708918759332,170169,5188.342773047705,0.020009519947816582,172848.27831069587,8934.270370671615,165637,5262.506962622284,7211.278310695867,10368.952048684028
2024,"Grand Junction, CO",62708,3244.412356197346,63096.7516594396,3111.5144069526123,388.7516594395993,4495.3012626207465,1251,551.1504591979531,NA,NA,552,355.05167574852925,65030,3325.8196966119076,0.008488389973858219,66417.6333257259,5835.600454405039,63779,3371.178352304404,2638.6333257258957,6739.3676369892555
2024,"Greeley, CO",131651,4619.050570420372,140526.43273438365,4256.251421238512,8875.432734383648,6281.027331010081,1015,527.9372180544798,208,207.99999999526557,3840,1017.8538195017478,138243,4813.666541291638,0.027777174974501422,147922.56077303542,8206.94473198102,137020,4846.995695991047,10902.560773035424,9531.385476977981
2024,Not in identifiable area,463979,9367.918115192235,474273.47441498196,9089.816684191572,10294.474414981965,13053.070794458838,58771,2985.637278476437,3506,618.6448877838043,11705,1451.4471255779576,547510,10014.90457575469,0.021378604956987086,499235.2362262968,16912.371415651414,485233,10468.76616976812,14002.236226296809,19890.283356911346
2024,"Pueblo, CO",66130,3145.829420557694,67811.23459793346,2962.001235879672,1681.234597933461,4320.844137966454,364,212.73892406698326,500,361.23924794696273,1608,540.1370667218209,69648,3252.1711356509913,0.02308752584424535,71380.24694519312,5626.011690648983,68784,3279.080471661518,2596.2469451931247,6511.864270925105
2005,Colorado Statewide,1852775,17183.54283655216,1888157.5748503173,16437.947702964557,35382.57485031735,23779.829038515414,84693,4525.639911993212,3867,875.2267733077746,111466,5486.407171777267,2046678,18438.502751534063,0.05446191340308539,1987534.2893161236,30882.75412769264,1958118,19005.94176135636,29416.289316123533,36262.51955873428
2006,Colorado Statewide,1849895,15876.127714819999,1906995.7635910662,15076.295718310588,57100.763591066345,21893.974600406065,95823,4474.743022229333,3185,783.6327560840305,106349,4884.374074371826,2095235,17376.43782436138,0.05075755225547492,2007363.9616748067,28467.7502333222,1996227,17960.45647736423,11136.961674806742,33659.92870197605
2007,Colorado Statewide,1861196,16005.343214526772,1930187.2754500245,15259.104742675507,68991.27545002452,22113.599638293636,96629,4429.745075719754,3409,817.0521329715082,118093,5182.837330355774,2127358,17645.70260286109,0.05551157821109564,2031776.0794210786,28734.765692817047,2027320,18211.56324900406,4456.07942107851,34019.814746608645
2008,Colorado Statewide,1898642,16097.142914034212,1964597.553535064,15277.680054964749,65955.55353506401,22192.9159385762,98498,4515.034156930163,6822,1227.8413664212671,103373,4806.18005272783,2152124,17631.833827426934,0.04803301296765428,2067997.4247737518,28859.07161084615,2046804,18242.1131445164,21193.424773751758,34141.1878266894
2009,Colorado Statewide,1910173,16071.961704811116,1989165.7601655258,15296.631799919702,78992.76016552583,22187.71951921219,104068,4529.97609776513,6938,1163.1666872966696,105933,4853.543158895759,2167902,17600.784869113468,0.048864293681171934,2093858.69491108,28839.086482513045,2056896,18211.569624762542,36962.69491107984,34107.978206622574
2010,Colorado Statewide,1960642,16250.511957922188,2022678.3877358192,15428.692206505964,62036.38773581913,22408.116433508414,106422,4547.459148758239,10830,1536.2595182783393,100704,4696.969258813,2214262,17700.63464012035,0.045479712879505675,2129135.144985073,29137.230393523234,2097010,18339.90034542593,32125.144985072977,34428.62384245714
2011,Colorado Statewide,1975400,18040.594021626453,2050379.6041682553,17031.999678380616,74979.60416825516,24810.3213541764,107906,4947.7659853557225,11441,1793.1553180332562,93616,4938.5521018600675,2224661,19558.325415179388,0.04208101818659112,2158294.320177111,32290.493757329386,2105314,20253.98447926941,52980.320177110916,38116.92372658914
2012,Colorado Statewide,1996107,17275.31503983828,2089977.382703005,16432.289646418893,93870.38270300519,23842.32901269228,107128,4653.789002191709,9368,1334.236502876406,82641,4368.899841141785,2230536,18581.280258955147,0.03704983914180269,2199976.1923189526,30992.68365946481,2114040,19201.61230689664,85936.19231895277,36458.8583968289
2013,Colorado Statewide,2002731,17228.765418924762,2103846.8297574553,16333.89854662857,101115.82975745531,23740.82137567891,115279,4827.307971078109,9305,1515.2021748924815,76173,4296.7426913636045,2247291,18634.951158292915,0.03389547682075886,2214575.610271006,30877.417497329832,2122707,19309.586856025573,91868.61027100586,36418.059474041256
2014,Colorado Statewide,2039600,17482.31563107058,2144792.480620594,16621.22189228387,105192.48062059407,24122.528412604504,109253,4536.349046339479,6784,1212.124944156795,74651,4235.228143233128,2276280,18767.199684832613,0.03279517458309171,2257676.2953900993,31359.37235862968,2160243,19345.684106819626,97433.29539009911,36846.51582291113
2015,Colorado Statewide,2074731,17516.40882700811,2184774.708698173,16479.086144771863,110043.7086981728,24049.633227176244,114405,4729.692972781696,6535,1202.4400944367928,71286,4040.748919774684,2309122,18763.499397502852,0.030871474092750404,2299762.851261235,31318.388862601587,2188182,19387.747869146115,111580.85126123475,36833.765058526216
2016,Colorado Statewide,2109050,17601.084547610757,2227627.0785931814,16742.638260758147,118577.07859318133,24292.264472106028,115895,4739.309810842135,4624,1005.457645053628,66597,3975.2450507662115,2339140,18849.047129516937,0.028470720008208144,2344870.609045454,31577.408566628903,2218621,19461.720896413346,126249.60904545404,37093.00893744939
2017,Colorado Statewide,2139167,17672.76056290106,2268766.5805800394,16630.50566718799,129599.58058003956,24267.265702175897,124273,4928.067350526353,4560,997.4691295373298,71401,4021.8368461091864,2385495,18988.628340303567,0.029931314045931766,2388175.347978989,31600.46022620844,2256662,19643.034356277127,131513.34797898907,37208.03522399517
2018,Colorado Statewide,2176768,18114.582133408785,2312865.0029874193,17239.48411647718,136097.0029874195,25006.757056249455,120503,4847.9750445414365,4114,875.5489818768335,74364,4079.8523321856123,2424128,19375.285487643632,0.030676597935422552,2434594.7399867573,32503.585727414516,2299511,19991.776703931446,135083.73998675743,38159.58884630757
2019,Colorado Statewide,2235163,18859.04213304336,2362993.853160424,17730.959795820436,127830.85316042417,25885.33185912256,113271,4853.424174724256,3296,822.488535132394,69397,4137.14256762018,2464109,20067.364438073753,0.02816312103076609,2487361.9506951836,33712.38748521458,2347542,20662.316644091225,139819.95069518348,39540.56649890011
2020,Colorado Statewide,2205583,21365.028751390942,2371250.7491232734,20247.675619946338,165667.74912327342,29435.230958127897,113422,4881.1170580383905,12000,1550.100838453406,72390,4456.47345311641,2437665,22500.953751156874,0.02969645131714161,2496053.4201297616,38285.95245311534,2312243,23076.4173141185,183810.42012976154,44702.74254782984
2021,Colorado Statewide,2313012,19230.128349593633,2418398.7862750604,18089.301122805864,105386.78627506016,26401.148676779012,103232,4276.847206608737,12690,1462.5752771925308,74577,3994.3517330371756,2540783,20239.622655640444,0.02935197535562856,2545682.9329211162,34381.249927649784,2424861,20738.198420133936,120821.93292111627,40151.50333798679
2022,Colorado Statewide,2384564,19695.023830460384,2480351.0987554225,18776.272987930974,95787.09875542263,27211.07111084951,90097,3753.7545107648384,7972,1354.405915346857,70578,4075.601607653784,2590205,20589.805134093855,0.027248036352335046,2610895.893426761,35358.65082286681,2492136,20972.96268462259,118759.89342676091,41110.81794107229
2023,Colorado Statewide,2428261,20222.62737943839,2510090.302279625,19262.277933601094,81829.30227962523,27928.30122508182,94822,3856.1013670035704,7479,1142.587112416725,68779,4000.5891684718626,2638093,21124.278845405286,0.02607148421227,2642200.3181890794,36295.87047085576,2535792,21503.724788987252,106408.31818907928,42187.68058376336
2024,Colorado Statewide,2479978,20673.071514280975,2565297.542932377,19598.50191735104,85319.54293237714,28486.43823364002,75243,3456.134519128803,6793,1026.0714796129816,66906,4054.597115034796,2662111,21459.178152325967,0.025132686052535,2700313.203086713,37049.83615462126,2580075,21759.917634698275,120238.20308671288,42967.24769581051
