end_year,YEAR,age_bin,total_hh,total_hh_se,total_persons,total_persons_se,hr,target_hr,target_hh,missing_hh
2015,2000,"[15,20)",11631,551.2407019922349,282091,2665.179428745548,0.04123137569082318,0.03440765266640974,9706.089148320189,-1924.9108516798115
2015,2000,"[20,25)",93236,1569.5712985723978,284328,2742.836929383589,0.32791705354379447,0.308675803540398,87765.17386903428,-5470.826130965725
2015,2000,"[25,30)",151185,1977.6022930051706,322469,2889.780564631674,0.4688357640579405,0.459523342187128,148182.03263174096,-3002.9673682590364
2015,2000,"[30,35)",167798,2055.667019950711,322698,2852.9769667121727,0.5199846295917545,0.5195428880104238,167655.45087518773,-142.54912481227075
2015,2000,"[35,40)",198310,2229.7319122367167,364421,3018.2988858777144,0.5441782992747399,0.5403383706183326,196910.64935910338,-1399.3506408966205
2015,2000,"[40,45)",209029,2273.6933967000873,368546,3010.576105885072,0.56717207621301,0.5676904858084848,209220.05778277383,191.0577827738307
2015,2000,"[45,50)",191744,2139.788396715764,331955,2822.7487621374908,0.5776204606046,0.5742919365315647,190639.07979133556,-1104.9202086644364
2015,2000,"[50,55)",163782,1977.4667942655155,274490,2555.6514938025553,0.5966774745892383,0.5842969783682872,160383.67759231114,-3398.322407688858
2015,2000,"[55,60)",115388,1640.4727586349031,191970,2110.834065865146,0.6010730843360942,0.5971130348199094,114627.789294378,-760.2107056219975
2015,2000,"[60,65)",85692,1399.7316157614287,140317,1798.4291266812945,0.6107029084145186,0.6028912310057017,84595.88886102705,-1096.1111389729485
2015,2000,"[65,Inf)",268845,2450.912669120872,395072,2971.4611814146333,0.6804962133484529,0.6501144584130709,256842.01931416875,-12002.980685831251
2015,2001,"[15,20)",13036,2602.5407995979986,289376,10058.863942475708,0.04504865641932987,0.03440765266640974,9956.748897994985,-3079.251102005015
2015,2001,"[20,25)",106898,6890.6730147663,283609,10996.987567585602,0.3769203375069197,0.308675803540398,87543.23596628873,-19354.764033711268
2015,2001,"[25,30)",175481,8784.191418399223,319099,11568.248949054916,0.5499265118348851,0.459523342187128,146633.43896857035,-28847.56103142965
2015,2001,"[30,35)",187201,8542.163819175508,342392,11500.657035473185,0.5467446669314704,0.5195428880104238,177887.32851166502,-9313.671488334978
2015,2001,"[35,40)",190066,8067.936353853631,354153,11083.85398131513,0.5366776506199298,0.5403383706183326,191362.45496959434,1296.4549695943424
2015,2001,"[40,45)",219157,8820.159526893429,370782,11342.149073539636,0.5910669881493708,0.5676904858084848,210489.4137090416,-8667.586290958396
2015,2001,"[45,50)",210234,8197.497654365823,343910,10341.837117278354,0.6113052833590183,0.5742919365315647,197504.73989257042,-12729.260107429582
2015,2001,"[50,55)",178492,7279.184169376184,292509,9143.820791806362,0.6102102841280097,0.5842969783682872,170912.12484552932,-7579.875154470676
2015,2001,"[55,60)",125110,5999.628900041503,210804,7777.300504476223,0.5934896871027115,0.5971130348199094,125873.81619217618,763.8161921761784
2015,2001,"[60,65)",88267,4934.57586048267,144669,6236.829429598713,0.6101307121774534,0.6028912310057017,87219.67149836387,-1047.3285016361333
2015,2001,"[65,Inf)",266054,8045.971871132304,399677,9908.621875162018,0.665672530568434,0.6501144584130709,259835.79639516096,-6218.203604839044
2015,2002,"[15,20)",16698,3150.2322884607706,296200,11086.184446654115,0.05637407157326131,0.03440765266640974,10191.546719790564,-6506.453280209436
2015,2002,"[20,25)",105540,7431.678218307902,295177,12162.06717132999,0.357548182954634,0.308675803540398,91113.99766164405,-14426.002338355946
2015,2002,"[25,30)",148876,8428.578396688386,318219,12446.549495462978,0.46784132939893597,0.459523342187128,146229.05842744568,-2646.941572554322
2015,2002,"[30,35)",193838,9659.281840149139,351839,12608.602208938104,0.5509281233746117,0.5195428880104238,182795.4501746995,-11042.549825300492
2015,2002,"[35,40)",183128,9046.42478778602,333504,11902.18388325267,0.54910285933602,0.5403383706183326,180205.0079546964,-2922.992045303603
2015,2002,"[40,45)",214671,9163.819846472583,383850,12350.57982181624,0.5592575224697147,0.5676904858084848,217907.9929775869,3236.992977586895
2015,2002,"[45,50)",222846,9301.299431560969,365324,11716.767632447065,0.6099955108342184,0.5742919365315647,209802.62742145735,-13043.37257854265
2015,2002,"[50,55)",176335,7551.798112253658,302635,9953.950291373518,0.5826655872585789,0.5842969783682872,176828.7160484866,493.716048486589
2015,2002,"[55,60)",144680,7100.546672413823,231020,8780.195223544762,0.6262661241450956,0.5971130348199094,137945.05330409546,-6734.9466959045385
2015,2002,"[60,65)",95541,5605.783620219149,161006,7266.525187940451,0.593400245953567,0.6028912310057017,97069.10553930402,1528.105539304015
2015,2002,"[65,Inf)",275195,8725.06043218847,408614,10850.00301303767,0.6734840215949527,0.6501144584130709,265645.8693099986,-9549.130690001417
2015,2003,"[15,20)",12719,2394.6284369821506,296947,10501.603669743283,0.042832559345607125,0.03440765266640974,10217.249236332373,-2501.7507636676273
2015,2003,"[20,25)",106233,7239.298563508558,305161,11802.551016979127,0.34812115571780144,0.308675803540398,94195.81688419139,-12037.183115808613
2015,2003,"[25,30)",154629,8625.349470513982,338810,12788.350412551394,0.4563885363478056,0.459523342187128,155691.10356642082,1062.1035664208175
2015,2003,"[30,35)",211442,9837.344023176296,357835,12459.351354865319,0.5908924504310646,0.5195428880104238,185910.62933121002,-25531.370668789983
2015,2003,"[35,40)",179801,8165.668651996202,335620,11221.147374313878,0.5357279065609916,0.5403383706183326,181348.36394692477,1547.3639469247719
2015,2003,"[40,45)",221403,9143.033958476357,374324,11553.80008239447,0.5914742308802,0.5676904858084848,212500.17340977528,-8902.826590224722
2015,2003,"[45,50)",216439,8574.269764882703,358971,10918.36230733486,0.6029428561081536,0.5742919365315647,206154.1507486723,-10284.849251327687
2015,2003,"[50,55)",177656,7440.744172389614,302103,9743.855814480949,0.5880643356735947,0.5842969783682872,176517.87005599466,-1138.1299440053408
2015,2003,"[55,60)",137579,6181.747987588088,235949,8107.887061693493,0.583087870683919,0.5971130348199094,140888.2234527228,3309.2234527227993
2015,2003,"[60,65)",100948,5350.609240481727,163657,6783.6946266797295,0.6168266557495249,0.6028912310057017,98667.37019270012,-2280.629807299876
2015,2003,"[65,Inf)",281697,8828.45950886623,420597,10670.857137630299,0.6697551337741353,0.6501144584130709,273436.1908651624,-8260.80913483759
2015,2004,"[15,20)",13717,2509.4697766525896,293212,10355.100826345084,0.04678185067459722,0.03440765266640974,10088.736653623331,-3628.263346376669
2015,2004,"[20,25)",126855,7683.124393059918,328983,11878.574220815573,0.38559743208615643,0.308675803540398,101549.09187613074,-25305.90812386926
2015,2004,"[25,30)",164274,8674.716041452346,330409,12160.41248529376,0.4971837934196708,0.459523342187128,151830.64796870676,-12443.352031293238
2015,2004,"[30,35)",196046,9075.417877776748,355378,12093.793326839752,0.5516548576445363,0.5195428880104238,184634.1124553684,-11411.887544631609
2015,2004,"[35,40)",175289,8222.226548240327,324364,11169.764251268443,0.5404083067171449,0.5403383706183326,175266.3152472448,-22.68475275518722
2015,2004,"[40,45)",229265,9288.46978962252,382935,11727.351440771085,0.5987047410134879,0.5676904858084848,217388.55618307213,-11876.443816927873
2015,2004,"[45,50)",205617,8344.027971867034,348025,10799.573277659354,0.5908110049565405,0.5742919365315647,199867.95121139783,-5749.048788602173
2015,2004,"[50,55)",187412,7629.358700320958,308448,9794.06516532067,0.607596742400664,0.5842969783682872,180225.23438374145,-7186.765616258548
2015,2004,"[55,60)",146973,6318.130188558046,237400,7989.894055142042,0.6190943555181129,0.5971130348199094,141754.6344662465,-5218.365533753502
2015,2004,"[60,65)",103708,5444.36435393392,176030,7009.402393131285,0.5891495767766858,0.6028912310057017,106126.94339393367,2418.943393933674
2015,2004,"[65,Inf)",288196,8898.168513533848,431351,10869.790154581586,0.6681241031086053,0.6501144584130709,280427.5217509366,-7768.478249063424
2015,2005,"[15,20)",13231,1730.6664747611062,302352,7000.385771264265,0.043760252950203735,0.03440765266640974,10403.222598994316,-2827.7774010056837
2015,2005,"[20,25)",107374,4663.890837983933,305760,7878.819876908904,0.35117085295656725,0.308675803540398,94380.71369051209,-12993.286309487914
2015,2005,"[25,30)",175904,6349.17557752466,347693,8626.212551064202,0.5059175767127897,0.459523342187128,159773.04941506908,-16130.95058493092
2015,2005,"[30,35)",196604,6364.846701066045,353914,8373.934910716347,0.5555134863271868,0.5195428880104238,183873.50166732114,-12730.498332678864
2015,2005,"[35,40)",191185,5938.370690665569,342380,7789.964905187038,0.5584000233658508,0.5403383706183326,185001.0513323047,-6183.948667695309
2015,2005,"[40,45)",210270,5887.768627113438,363855,7690.214325615004,0.5778950406068352,0.5676904858084848,206557.02171384625,-3712.9782861537533
2015,2005,"[45,50)",208067,5434.336977021837,356854,7053.19082425407,0.5830591782633794,0.5742919365315647,204938.374719035,-3128.625280965003
2015,2005,"[50,55)",185717,4967.972167704278,311460,6435.734694377467,0.5962788158993129,0.5842969783682872,181985.13688258672,-3731.863117413275
2015,2005,"[55,60)",162809,4482.586177391413,265202,5619.9098863113395,0.6139056266543993,0.5971130348199094,158355.57106030962,-4453.428939690377
2015,2005,"[60,65)",109693,3455.536934734118,173893,4230.0196100974945,0.6308074505586769,0.6028912310057017,104838.56483327449,-4854.4351667255105
2015,2005,"[65,Inf)",291921,5784.180063292813,442654,7038.38084183027,0.6594789609943658,0.6501144584130709,287775.76547437947,-4145.23452562053
2015,2006,"[15,20)",9028,1200.287269405274,305040,6630.789711402307,0.029596118541830578,0.03440765266640974,10495.710369361626,1467.7103693616264
2015,2006,"[20,25)",96718,4182.220888420009,321293,7988.947990794454,0.3010274111169556,0.308675803540398,99175.37494690508,2457.3749469050817
2015,2006,"[25,30)",167103,5410.994686336434,355895,8268.480102209276,0.4695289340957305,0.459523342187128,163542.0598676879,-3560.9401323120983
2015,2006,"[30,35)",177993,5349.447521863419,343786,7709.811370437598,0.517743596307005,0.5195428880104238,178611.57129755156,618.5712975515635
2015,2006,"[35,40)",191476,5379.4154606772745,350954,7200.182583213587,0.545587170968275,0.5403383706183326,189633.9125219863,-1842.0874780137092
2015,2006,"[40,45)",206788,5564.950296029472,359310,7251.584706180421,0.5755141799560268,0.5676904858084848,203976.86845584668,-2811.1315441533225
2015,2006,"[45,50)",214162,5370.435601254462,369889,7045.884017952395,0.5789899131901732,0.5742919365315647,212424.27011172395,-1737.7298882760515
2015,2006,"[50,55)",193621,4759.09271589365,331102,6218.733129286592,0.5847775005889424,0.5842969783682872,193461.89813169662,-159.10186830337625
2015,2006,"[55,60)",175603,4522.741062904961,280889,5690.642727527804,0.6251686609301184,0.5971130348199094,167722.48323752952,-7880.516762470477
2015,2006,"[60,65)",124014,3715.544231016509,210051,4894.223319694949,0.5903994744133567,0.6028912310057017,126637.90596397866,2623.9059639786574
2015,2006,"[65,Inf)",293389,5430.641759541939,455660,6896.059981273693,0.6438770135627442,0.6501144584130709,296231.1541204999,2842.1541204999085
2015,2007,"[15,20)",10187,1281.285588025729,303660,6545.983326012121,0.03354738852664164,0.03440765266640974,10448.22780868198,261.2278086819806
2015,2007,"[20,25)",92027,3908.8954631076504,317728,7673.246343357945,0.289640824856481,0.308675803540398,98074.94570728356,6047.945707283565
2015,2007,"[25,30)",161776,5299.180527607647,365589,8602.343624068099,0.4425078435073265,0.459523342187128,167996.67914684993,6220.679146849929
2015,2007,"[30,35)",167461,5286.336914621031,336825,8126.70281859363,0.49717509092258594,0.5195428880104238,174995.033254111,7534.033254111011
2015,2007,"[35,40)",199077,5705.02446719664,369657,7924.532815588876,0.5385451918941072,0.5403383706183326,199739.86106766097,662.8610676609678
2015,2007,"[40,45)",200779,5560.408154859192,351375,7424.126263383415,0.5714094628246176,0.5676904858084848,199472.24445095635,-1306.7555490436498
2015,2007,"[45,50)",212454,5349.4903601684155,374547,7102.630076281905,0.5672292128891702,0.5742919365315647,215099.32195208798,2645.3219520879793
2015,2007,"[50,55)",204766,5111.080706337595,354245,6880.428314755099,0.5780349757935892,0.5842969783682872,206984.2831020739,2218.2831020739104
2015,2007,"[55,60)",174945,4451.184105651731,292311,5871.22886174607,0.5984892802528814,0.5971130348199094,174542.70832124254,-402.291678757465
2015,2007,"[60,65)",136083,3819.2188757062945,227129,5003.629354349327,0.5991440987280356,0.6028912310057017,136934.08240709404,851.0824070940434
2015,2007,"[65,Inf)",301641,5526.605547901177,469630,7043.187355663647,0.6422949981900645,0.6501144584130709,305313.2531045305,3672.2531045305077
2015,2008,"[15,20)",10324,1198.4553933941118,313538,6762.3147459711045,0.032927428254310484,0.03440765266640974,10788.106601720776,464.10660172077587
2015,2008,"[20,25)",93424,3988.0389450060775,313694,7619.361643694328,0.29781889357144226,0.308675803540398,96829.7475158016,3405.7475158016023
2015,2008,"[25,30)",168963,5369.752861647821,372873,8515.312399974055,0.4531381998696607,0.459523342187128,171343.84717134098,2380.8471713409817
2015,2008,"[30,35)",176426,5447.133911415766,348169,8047.4125335256385,0.5067251823108893,0.5195428880104238,180888.72777570123,4462.727775701234
2015,2008,"[35,40)",193911,5528.172333861718,358214,7673.800041182567,0.5413272513078774,0.5403383706183326,193556.7690926754,-354.23090732461424
2015,2008,"[40,45)",199744,5436.334477905641,358049,7584.047081568919,0.5578677778739781,0.5676904858084848,203261.01075324218,3517.0107532421825
2015,2008,"[45,50)",213129,5307.2373633109455,372652,7080.914695669539,0.5719250131489969,0.5742919365315647,214011.03873236067,882.0387323606701
2015,2008,"[50,55)",208496,5089.2430237171475,357325,6755.3679119730705,0.5834912194780661,0.5842969783682872,208783.91779544821,287.91779544821475
2015,2008,"[55,60)",180457,4643.770871273629,302334,6077.711246377017,0.596879609967784,0.5971130348199094,180527.5722692425,70.57226924248971
2015,2008,"[60,65)",145129,4101.3320046272875,238746,5285.72719988516,0.6078803414507468,0.6028912310057017,143937.86983768726,-1191.1301623127365
2015,2008,"[65,Inf)",308639,5533.8527240506755,491064,7256.710236066805,0.6285107440170732,0.6501144584130709,319247.8064061563,10608.806406156276
2015,2009,"[15,20)",9182,1296.8706431782284,306569,6809.964766037303,0.029950843040229116,0.03440765266640974,10548.319670288567,1366.319670288567
2015,2009,"[20,25)",100988,4300.7546524899635,345315,8100.458191390666,0.292451819353344,0.308675803540398,106590.38509955253,5602.385099552528
2015,2009,"[25,30)",165723,5285.780005277577,370439,8423.92348505978,0.4473692024867792,0.459523342187128,170225.36735645751,4502.367356457515
2015,2009,"[30,35)",171513,5307.363765306615,341511,7833.837458861271,0.5022180837513287,0.5195428880104238,177429.61122732784,5916.611227327841
2015,2009,"[35,40)",195361,5503.065201866534,359700,7650.483889062185,0.543122046149569,0.5403383706183326,194359.71191141423,-1001.288088585774
2015,2009,"[40,45)",191911,5244.322477703111,347769,7126.980664847467,0.5518346948692954,0.5676904858084848,197425.15255913095,5514.152559130947
2015,2009,"[45,50)",208264,5321.291606097911,374188,7176.156791165265,0.5565758388831282,0.5742919365315647,214893.15114687313,6629.151146873133
2015,2009,"[50,55)",206189,5002.495297973038,359067,6627.101729963826,0.5742354490944587,0.5842969783682872,209801.7631317658,3612.7631317657942
2015,2009,"[55,60)",179564,4488.265661188188,308879,6011.134590765747,0.5813409134321207,0.5971130348199094,184435.6770821388,4871.677082138805
2015,2009,"[60,65)",153385,4181.586804695499,255098,5445.124315862488,0.6012787242549922,0.6028912310057017,153796.3472470925,411.34724709248985
2015,2009,"[65,Inf)",328093,5760.2912705252465,511407,7416.4930283676185,0.6415496854755606,0.6501144584130709,332473.08483365335,4380.084833653353
2015,2010,"[15,20)",10955,1514.1295213638155,312090,6991.809260899933,0.035102053894709856,0.03440765266640974,10738.284320659815,-216.71567934018458
2015,2010,"[20,25)",97860,4209.312391770378,329943,7712.704482174604,0.29659668488193414,0.308675803540398,101845.42064752954,3985.420647529536
2015,2010,"[25,30)",162708,5205.510537069377,359789,7922.984828385764,0.45223172470531336,0.459523342187128,165331.4437621646,2623.443762164592
2015,2010,"[30,35)",181129,5243.241460715787,349856,7372.150084881971,0.517724435196195,0.5195428880104238,181765.19662777483,636.1966277748288
2015,2010,"[35,40)",192703,5549.436513205403,352433,7477.537282404819,0.5467791041134059,0.5403383706183326,190433.0729721308,-2269.927027869213
2015,2010,"[40,45)",190956,5248.27054468839,337693,7016.562385584653,0.5654721892369696,0.5676904858084848,191705.10322412467,749.1032241246721
2015,2010,"[45,50)",205433,5251.899832023477,364105,7016.473319934561,0.5642136196976147,0.5742919365315647,209102.56555082538,3669.565550825384
2015,2010,"[50,55)",213123,5230.914627698411,368319,6966.661895355907,0.5786369967338095,0.5842969783682872,215207.67877562917,2084.678775629174
2015,2010,"[55,60)",194829,4781.9690292542655,326230,6235.768493637034,0.5972136222910217,0.5971130348199094,194796.18534929905,-32.81465070095146
2015,2010,"[60,65)",162746,4218.975765054852,271853,5587.325975169487,0.5986544198519053,0.6028912310057017,163897.78982259304,1151.7898225930403
2015,2010,"[65,Inf)",348200,5952.772672266896,533734,7491.6537927242935,0.652384895846995,0.6501144584130709,346988.190346642,-1211.80965335801
2015,2011,"[15,20)",8673,1334.6332317698468,307159,7698.230765214854,0.028236190376970886,0.03440765266640974,10568.620185361748,1895.6201853617476
2015,2011,"[20,25)",95082,4284.668590503792,342815,8627.217238617775,0.27735659174773564,0.308675803540398,105818.69559070154,10736.695590701536
2015,2011,"[25,30)",161483,5527.1279630281715,366285,8691.560095386501,0.4408670843741895,0.459523342187128,168316.50739301217,6833.5073930121725
2015,2011,"[30,35)",178199,6077.289231328921,354954,8604.285989906137,0.502034066386067,0.5195428880104238,184413.82627085198,6214.826270851976
2015,2011,"[35,40)",181893,5923.040080495272,339075,8138.778426108636,0.5364388409643884,0.5403383706183326,183215.2330174111,1322.233017411112
2015,2011,"[40,45)",212982,6691.324625376356,364054,8426.549963520472,0.5850285946590341,0.5676904858084848,206669.99212052213,-6312.007879477867
2015,2011,"[45,50)",192252,5645.018270777253,352248,7802.165070028458,0.5457859235538598,0.5742919365315647,202293.1860593706,10041.186059370608
2015,2011,"[50,55)",214570,5657.547193077815,367420,7575.326705937464,0.5839910728866148,0.5842969783682872,214682.39579207607,112.39579207607312
2015,2011,"[55,60)",195002,5608.9358536225855,335948,7256.267224240223,0.5804529272387393,0.5971130348199094,200598.92982167893,5596.929821678932
2015,2011,"[60,65)",174669,4779.3520567241785,286183,6270.268322591304,0.6103402368414615,0.6028912310057017,172537.22116290475,-2131.7788370952476
2015,2011,"[65,Inf)",360595,6302.085883045583,557840,8072.150960302503,0.6464129499498064,0.6501144584130709,362659.8494811475,2064.849481147481
2015,2012,"[15,20)",7063,1078.5146111280533,307597,7227.766628649962,0.022961862436889826,0.03440765266640974,10583.690737229635,3520.6907372296355
2015,2012,"[20,25)",92645,4204.08584236254,351770,8417.186631688586,0.26336810984450065,0.308675803540398,108582.8874114058,15937.887411405798
2015,2012,"[25,30)",163788,5350.9774104761555,369913,8343.37302148892,0.4427743820844361,0.459523342187128,169983.65807846707,6195.658078467066
2015,2012,"[30,35)",180093,5699.80406511184,368667,8376.493351125488,0.4884977500020344,0.5195428880104238,191538.31789413892,11445.31789413892
2015,2012,"[35,40)",186724,5886.01720000164,340537,7991.013844831362,0.5483222087467735,0.5403383706183326,184005.20771525512,-2718.792284744879
2015,2012,"[40,45)",195136,5729.276779138905,357705,7917.040265015438,0.5455221481388295,0.5676904858084848,203065.72522612405,7929.72522612405
2015,2012,"[45,50)",200265,5514.78017978771,345589,7346.415254598918,0.5794889304925793,0.5742919365315647,198468.97605400693,-1796.0239459930744
2015,2012,"[50,55)",216452,5610.545304795778,368902,7455.569096290657,0.586746615632336,0.5842969783682872,215548.32391401788,-903.6760859821225
2015,2012,"[55,60)",204422,5150.7410787869385,347293,6829.692560408406,0.5886153766416253,0.5971130348199094,207373.1772017108,2951.177201710787
2015,2012,"[60,65)",174554,4623.9321193439855,288312,6013.6411938626425,0.6054343905213796,0.6028912310057017,173820.77659371588,-733.2234062841162
2015,2012,"[65,Inf)",374965,6409.510759811736,592518,8209.211786177992,0.6328330953658792,0.6501144584130709,385204.51866999594,10239.518669995945
2015,2013,"[15,20)",6937,1042.679780974566,312551,7322.204427096247,0.02219477781226104,0.03440765266640974,10754.14624853903,3817.1462485390293
2015,2013,"[20,25)",91695,4168.280526165561,351669,8434.726269474793,0.2607423457853834,0.308675803540398,108551.71115524821,16856.71115524821
2015,2013,"[25,30)",160931,5378.406225312898,380320,8692.480549516156,0.42314629785443836,0.459523342187128,174765.9175006085,13834.917500608513
2015,2013,"[30,35)",182506,5595.080149678404,374771,8379.142483374675,0.48698004915001425,0.5195428880104238,194709.60768255455,12203.607682554546
2015,2013,"[35,40)",188999,5706.92399730427,359568,7879.643586791354,0.525627975793174,0.5403383706183326,194288.3872464926,5289.38724649261
2015,2013,"[40,45)",194900,5599.606356726693,354518,7625.336693388469,0.5497605199171833,0.5676904858084848,201256.49564785243,6356.4956478524255
2015,2013,"[45,50)",183419,5216.304684464686,330267,7121.326219027653,0.5553658100869903,0.5742919365315647,189669.6750024703,6250.675002470292
2015,2013,"[50,55)",208022,5400.243527817039,370250,7258.108974543332,0.5618419986495611,0.5842969783682872,216335.95624085833,8313.95624085833
2015,2013,"[55,60)",202620,5329.714420791634,342787,6914.072410763309,0.5910959283753467,0.5971130348199094,204682.5858668123,2062.5858668122964
2015,2013,"[60,65)",181573,4774.696174617198,305269,6229.977729085589,0.5947967202696638,0.6028912310057017,184044.00319787956,2471.0031978795596
2015,2013,"[65,Inf)",401129,6819.366359270523,628534,8693.20046463026,0.6381977745038454,0.6501144584130709,408619.0410042011,7490.041004201106
2015,2014,"[15,20)",5323,914.4544042195016,305843,7122.6020274445555,0.017404354521764434,0.03440765266640974,10523.339714452753,5200.3397144527535
2015,2014,"[20,25)",92847,4282.316211195375,363428,8741.083305041024,0.2554756375403106,0.308675803540398,112181.42992907975,19334.42992907975
2015,2014,"[25,30)",164366,5366.983571155187,390124,9209.795395449595,0.42131732474802885,0.459523342187128,179271.08434741112,14905.084347411117
2015,2014,"[30,35)",192913,5845.232169916843,391544,8383.6547954806,0.4926981386510839,0.5195428880104238,203423.90054315337,10510.900543153373
2015,2014,"[35,40)",194764,5793.981515919098,364552,7892.618139311194,0.5342557440365161,0.5403383706183326,196981.43368565437,2217.433685654367
2015,2014,"[40,45)",192569,5689.618832093651,353591,7841.611056100772,0.544609449901157,0.5676904858084848,200730.24656750794,8161.246567507944
2015,2014,"[45,50)",183480,5354.642725406434,333834,7329.237139222639,0.5496144790524632,0.5742919365315647,191718.17434007837,8238.174340078374
2015,2014,"[50,55)",207186,5341.784829478511,361966,7148.393731923087,0.5723907770343071,0.5842969783682872,211495.64007205545,4309.640072055452
2015,2014,"[55,60)",198800,5154.807960241159,343236,6911.304235570295,0.5791933247095293,0.5971130348199094,204950.68961944644,6150.689619446435
2015,2014,"[60,65)",189536,5005.149425703882,318239,6447.448396168259,0.5955775376368075,0.6028912310057017,191863.5024640235,2327.502464023506
2015,2014,"[65,Inf)",417816,6969.352336830968,665060,8974.550619717997,0.6282380537094397,0.6501144584130709,432365.12171219697,14549.121712196968
2015,2015,"[15,20)",7157,1474.237939923123,317065,7485.058520068104,0.02257265860312554,0.03440765266640974,10909.462392675203,3752.462392675203
2015,2015,"[20,25)",92717,4299.480628676736,360683,8776.205752292291,0.2570595231824067,0.308675803540398,111334.11484836137,18617.114848361365
2015,2015,"[25,30)",170895,5561.366446827508,413390,8868.188238125987,0.4133989694961175,0.459523342187128,189962.35442673683,19067.354426736827
2015,2015,"[30,35)",195382,5705.444665851885,402707,8379.237508375087,0.48517160118895375,0.5195428880104238,209223.55780201373,13841.557802013733
2015,2015,"[35,40)",199913,5886.68508366467,383774,8207.274841501023,0.5209133500445575,0.5403383706183326,207367.81784567997,7454.817845679965
2015,2015,"[40,45)",189591,5531.682515313657,344424,7485.444212519603,0.550458156226047,0.5676904858084848,195526.22788410156,5935.227884101565
2015,2015,"[45,50)",183957,5323.755283500637,338313,7274.700762628136,0.5437479493841502,0.5742919365315647,194290.42792380328,10333.427923803276
2015,2015,"[50,55)",202892,5310.255061949325,360305,7125.642127314056,0.563111808051512,0.5842969783682872,210525.1227909857,7633.122790985712
2015,2015,"[55,60)",204407,5022.607544804194,353375,6732.740593967389,0.578442164839052,0.5971130348199094,211004.8186794855,6597.818679485499
2015,2015,"[60,65)",191116,5034.889940977218,322975,6551.378981652081,0.591736202492453,0.6028912310057017,194718.79533406653,3602.7953340665263
2015,2015,"[65,Inf)",436704,7082.630340808396,692608,9051.964267193076,0.6305211605987803,0.6501144584130709,450274.47481256025,13570.47481256025
2015,2016,"[15,20)",6396,954.6956543682976,322060,7495.322241047569,0.01985965348071788,0.03440765266640974,11081.32861774392,4685.32861774392
2015,2016,"[20,25)",91914,4411.180436554803,371412,8956.654849779006,0.24747181028076637,0.308675803540398,114645.89754454629,22731.897544546286
2015,2016,"[25,30)",168669,5526.271536919437,414590,8823.874428344385,0.40683325695265204,0.459523342187128,190513.7824373614,21844.7824373614
2015,2016,"[30,35)",194905,5570.676845828124,400913,8263.914362322856,0.48615285610593817,0.5195428880104238,208291.49786092303,13386.497860923031
2015,2016,"[35,40)",206481,5822.997967320088,391583,8269.09732679344,0.5272981717796738,0.5403383706183326,211587.32018183853,5106.320181838528
2015,2016,"[40,45)",186008,5464.230368802284,344686,7483.697325116215,0.5396447781459067,0.5676904858084848,195674.96279138338,9666.962791383383
2015,2016,"[45,50)",198254,5592.5512482868,356643,7497.697662545484,0.5558892225558892,0.5742919365315647,204817.19912042684,6563.1991204268415
2015,2016,"[50,55)",201183,5379.886847606753,353437,7220.734180204544,0.5692188423962403,0.5842969783682872,206512.17114355232,5329.1711435523175
2015,2016,"[55,60)",206647,5159.174956733879,364471,6914.342049609702,0.5669778939888221,0.5971130348199094,217630.3849138472,10983.3849138472
2015,2016,"[60,65)",193509,4944.94690010482,325307,6400.481202927678,0.5948504028502307,0.6028912310057017,196124.73768477183,2615.737684771826
2015,2016,"[65,Inf)",455084,7255.291157434331,727828,9305.977350155947,0.6252631116142825,0.6501144584130709,473171.50603786856,18087.50603786856
2015,2017,"[15,20)",6754,1160.046702216689,329119,7374.548096059578,0.020521452726825252,0.03440765266640974,11324.212237916106,4570.2122379161065
2015,2017,"[20,25)",86799,3962.351183596766,352191,8387.624499541256,0.24645433869690025,0.308675803540398,108712.83992469631,21913.83992469631
2015,2017,"[25,30)",169197,5467.691005495789,429649,9204.684411029682,0.39380284837157775,0.459523342187128,197433.74444735734,28236.74444735734
2015,2017,"[30,35)",201036,5842.5105292590215,421863,8664.221833270969,0.47654333278813266,0.5195428880104238,219175.92136474143,18139.92136474143
2015,2017,"[35,40)",204719,5871.515069316079,389891,8179.719319725769,0.5250672623887189,0.5403383706183326,210673.0676587523,5954.06765875229
2015,2017,"[40,45)",192922,5512.322584843679,364929,7847.572622740216,0.5286562591627413,0.5676904858084848,207166.72129560454,14244.72129560454
2015,2017,"[45,50)",197084,5431.609015443527,361833,7385.267919006164,0.544682215276108,0.5742919365315647,207797.77427102567,10713.774271025672
2015,2017,"[50,55)",193556,5191.353215403632,340313,6947.3023916629145,0.5687587603177076,0.5842969783682872,198843.85759944693,5287.857599446928
2015,2017,"[55,60)",207226,5291.632204429712,359666,7106.17625477361,0.5761623283824437,0.5971130348199094,214761.25678153752,7535.256781537522
2015,2017,"[60,65)",195292,4878.684054292764,335758,6699.199992368601,0.5816451134448025,0.6028912310057017,202425.5539400124,7133.553940012411
2015,2017,"[65,Inf)",484582,7612.938734236691,759587,9606.209209543824,0.6379545726822602,0.6501144584130709,493818.4911226093,9236.491122609295
2015,2018,"[15,20)",7302,1134.3853407863699,337763,7998.95990212195,0.021618708976412455,0.03440765266640974,11621.631987564551,4319.631987564551
2015,2018,"[20,25)",84818,4028.1814862537367,353931,8679.005783402208,0.23964558063577365,0.308675803540398,109249.9358228566,24431.935822856598
2015,2018,"[25,30)",180039,5786.888183279679,436297,9183.037469518948,0.412652390458793,0.459523342187128,200488.65562621737,20449.65562621737
2015,2018,"[30,35)",203906,5784.037594886297,432066,8876.872997031807,0.47193252882661446,0.5195428880104238,224476.81745111177,20570.81745111177
2015,2018,"[35,40)",207076,5992.648980104867,401423,8445.224184686427,0.5158548463839889,0.5403383706183326,216904.2497487229,9828.249748722912
2015,2018,"[40,45)",199976,5869.356508489049,368120,8185.917532574998,0.5432359013365207,0.5676904858084848,208978.2216358194,9002.221635819413
2015,2018,"[45,50)",199502,5687.065728640585,368060,7874.308057754284,0.5420366244634027,0.5742919365315647,211373.89015980772,11871.890159807721
2015,2018,"[50,55)",186248,5201.745219398836,334644,7072.317728431336,0.5565556232892268,0.5842969783682872,195531.47802907712,9283.478029077116
2015,2018,"[55,60)",205916,5158.281503975263,352305,7013.412937507623,0.5844821958246406,0.5971130348199094,210365.9077322282,4449.9077322281955
2015,2018,"[60,65)",200337,5186.776877697964,347610,6838.279329059489,0.5763269180978683,0.6028912310057017,209571.02080989198,9234.020809891983
2015,2018,"[65,Inf)",501648,7760.433169761201,794094,9972.759039854827,0.6317237002168509,0.6501144584130709,516251.9907390691,14603.990739069122
2015,2019,"[15,20)",7536,1215.4725249682485,331069,7633.134749596404,0.0227626265219637,0.03440765266640974,11391.307160615605,3855.3071606156045
2015,2019,"[20,25)",92410,4291.293323090743,361332,8587.552645699749,0.2557481761925321,0.308675803540398,111534.44544485908,19124.445444859084
2015,2019,"[25,30)",190648,6111.348153089588,450677,9505.530359823639,0.4230258034024368,0.459523342187128,207096.60128686827,16448.601286868274
2015,2019,"[30,35)",207328,6193.459911719514,434260,9093.393470055718,0.47742826877907246,0.5195428880104238,225616.69454740663,18288.69454740663
2015,2019,"[35,40)",218707,6493.822453417441,429621,9243.592432509708,0.5090696218294729,0.5403383706183326,232140.71112341865,13433.711123418645
2015,2019,"[40,45)",194215,5773.7336773550705,370602,8131.802058767417,0.5240527574055186,0.5676904858084848,210387.22942159607,16172.229421596072
2015,2019,"[45,50)",201942,5873.157547829391,359783,7822.071770828345,0.561288332133536,0.5742919365315647,206620.47580113597,4678.475801135966
2015,2019,"[50,55)",187147,5411.828879219894,333767,7099.764460501995,0.5607115143198699,0.5842969783682872,195019.04957904812,7872.049579048122
2015,2019,"[55,60)",205590,5386.362597780656,356060,7150.723720620492,0.5774026849407403,0.5971130348199094,212608.06717797695,7018.067177976947
2015,2019,"[60,65)",204256,5199.965259400948,348398,6750.217595064407,0.5862720222274526,0.6028912310057017,210046.09909992447,5790.099099924468
2015,2019,"[65,Inf)",525384,8032.387725241757,830423,10123.522179887714,0.6326703378880402,0.6501144584130709,539869.9988987576,14485.998898757622
2015,2020,"[15,20)",3168,727.6388834861864,330277,8223.748623402435,0.00959194857649791,0.03440765266640974,11364.056299703809,8196.056299703809
2015,2020,"[20,25)",83076,4554.902330080573,349519,9191.260736332431,0.23768664936670109,0.308675803540398,107888.05817763635,24812.058177636354
2015,2020,"[25,30)",181154,6556.50480060928,453159,10549.331157165334,0.3997581422855995,0.459523342187128,208237.13822217673,27083.138222176727
2015,2020,"[30,35)",208748,6757.092259016047,455065,10294.429059079812,0.45872128157515957,0.5195428880104238,236425.78433246352,27677.784332463518
2015,2020,"[35,40)",220580,6986.50240567822,438816,9854.077499792873,0.5026708233063516,0.5403383706183326,237109.12244125424,16529.122441254236
2015,2020,"[40,45)",193405,6464.836131810645,384159,9187.425046220109,0.5034503942378026,0.5676904858084848,218083.4093377017,24678.409337701713
2015,2020,"[45,50)",189554,6244.112146809864,351170,8616.353007290252,0.5397784548794031,0.5742919365315647,201674.0993517896,12120.099351789599
2015,2020,"[50,55)",181577,6246.832593834118,333550,8438.16601789768,0.5443771548493479,0.5842969783682872,194892.2571347422,13315.25713474219
2015,2020,"[55,60)",203743,6536.912334908778,347460,8363.145867598656,0.5863782881482761,0.5971130348199094,207472.89507852573,3729.895078525733
2015,2020,"[60,65)",202832,6120.74814754491,356651,8176.289513507918,0.5687128313112819,0.6028912310057017,215021.76042941454,12189.760429414542
2015,2020,"[65,Inf)",537746,9878.45283340033,861936,12364.645257540711,0.6238815874960554,0.6501144584130709,560357.0558267287,22611.055826728698
2015,2021,"[15,20)",7630,1263.9408244719937,341145,7759.379330084241,0.02236585616087001,0.03440765266640974,11737.99866888235,4107.99866888235
2015,2021,"[20,25)",94411,4542.469609050045,356836,8500.028074548763,0.26457812552545146,0.308675803540398,110146.63903214145,15735.639032141451
2015,2021,"[25,30)",196507,6294.969302625907,432231,9214.93316827515,0.4546342117987835,0.459523342187128,198620.2337168845,2113.2337168845115
2015,2021,"[30,35)",224782,6323.052887396781,453461,9114.658450658873,0.49570304833271217,0.5195428880104238,235592.4375400948,10810.437540094805
2015,2021,"[35,40)",228123,6602.727260201953,436294,8984.076322246568,0.5228653155899462,0.5403383706183326,235746.38907055478,7623.389070554782
2015,2021,"[40,45)",218546,6258.8528765879955,399891,8433.049501140838,0.5465139250445746,0.5676904858084848,227014.3160604408,8468.31606044079
2015,2021,"[45,50)",190662,5677.866838391649,354831,7801.092493111698,0.5373318565739746,0.5742919365315647,203776.58213143164,13114.582131431642
2015,2021,"[50,55)",198837,5649.311512205298,346494,7391.139172882819,0.5738540927115621,0.5842969783682872,202455.3972227413,3618.3972227413033
2015,2021,"[55,60)",192619,5257.98584450436,337719,6932.125692873682,0.5703528673246101,0.5971130348199094,201656.41700634497,9037.417006344971
2015,2021,"[60,65)",214996,5435.793309703426,356333,6964.125070806151,0.6033569722703201,0.6028912310057017,214830.04101795473,-165.95898204526748
2015,2021,"[65,Inf)",545899,7976.2319275042855,866010,10159.361580806624,0.6303610812808166,0.6501144584130709,563005.6221303035,17106.622130303527
2015,2022,"[15,20)",8475,1444.082006770606,342821,7980.365237209718,0.02472135604294953,0.03440765266640974,11795.665894751251,3320.6658947512515
2015,2022,"[20,25)",106367,5075.222486971757,370319,9057.661474238177,0.28723073890348594,0.308675803540398,114308.51489127663,7941.514891276631
2015,2022,"[25,30)",199453,6310.017698977716,437614,9092.940011668308,0.4557738097958475,0.459523342187128,201093.84786787783,1640.8478678778338
2015,2022,"[30,35)",240081,6637.772463367659,464163,9019.35116737929,0.517234247451865,0.5195428880104238,241152.58552758236,1071.585527582356
2015,2022,"[35,40)",233843,6432.772472484769,441669,8941.85013183749,0.5294530519461407,0.5403383706183326,238650.70781262833,4807.70781262833
2015,2022,"[40,45)",224167,6251.234951563078,407847,8331.95677806553,0.5496350347066424,0.5676904858084848,231530.8615655331,7363.861565533094
2015,2022,"[45,50)",198459,5917.000928217718,347516,7691.082939072853,0.5710787416982239,0.5742919365315647,199575.63661570326,1116.6366157032608
2015,2022,"[50,55)",200496,5734.886474849822,346299,7394.743680452768,0.5789678861330815,0.5842969783682872,202341.45931195948,1845.4593119594792
2015,2022,"[55,60)",188445,5474.124386068781,319918,6913.450516686209,0.5890415669015185,0.5971130348199094,191027.20787351578,2582.2078735157847
2015,2022,"[60,65)",211845,5563.33713390549,357576,7198.48213948417,0.5924474796966239,0.6028912310057017,215579.4348180948,3734.4348180948
2015,2022,"[65,Inf)",572933,8162.764388090392,895456,10141.714701668314,0.6398226155165636,0.6501144584130709,582148.8924727348,9215.892472734791
2015,2023,"[15,20)",11295,1975.7371821723946,346770,8086.389235153964,0.032572021801193875,0.03440765266640974,11931.541715130905,636.5417151309048
2015,2023,"[20,25)",112078,5300.933277082467,355304,8853.828704523856,0.31544255060455273,0.308675803540398,109673.74770111757,-2404.252298882435
2015,2023,"[25,30)",205544,6885.594242970863,441143,9593.33672008504,0.4659350822749086,0.459523342187128,202715.5057424562,-2828.494257543789
2015,2023,"[30,35)",243879,6856.222396580031,471083,9352.797066728564,0.5176985796558143,0.5195428880104238,244747.82231261447,868.822312614473
2015,2023,"[35,40)",242646,6763.990581909426,445054,8983.449248655812,0.5452057503134451,0.5403383706183326,240479.75319717138,-2166.246802828624
2015,2023,"[40,45)",228001,6655.529478988339,414613,8719.820875450501,0.5499128102592056,0.5676904858084848,235371.8553925133,7370.855392513302
2015,2023,"[45,50)",198930,5927.044994190462,354411,7781.740660663555,0.5612974766584559,0.5742919365315647,203535.3795180884,4605.37951808839
2015,2023,"[50,55)",201059,5644.2474257983995,353941,7443.742449276275,0.5680579531616852,0.5842969783682872,206806.65682064995,5747.6568206499505
2015,2023,"[55,60)",181156,5219.5568719190405,311660,6755.432043909617,0.5812616312648399,0.5971130348199094,186096.24843197296,4940.248431972956
2015,2023,"[60,65)",215485,5416.538029968309,352904,6930.394718175222,0.6106051504091764,0.6028912310057017,212762.72698683618,-2722.2730131638236
2015,2023,"[65,Inf)",588188,8284.429606805697,921576,10256.274446469126,0.6382414472599113,0.6501144584130709,599129.8821264843,10941.882126484299
2015,2000,total,1656640,20265.878856955802,3278357,29438.77351113689,0.5053262960684269,0.4961411794137676,1626527.908519381,-30112.091480619125
2015,2001,total,1759996,78164.52338808458,3350980,109959.17026776585,0.5252182943497126,0.4969348578168046,1665218.7698469558,-94777.23015304422
2015,2002,total,1777348,85164.50364650087,3447388,121123.60837579757,0.5155636673330649,0.49769112891824335,1715734.425539205,-61613.5744607949
2015,2003,total,1800546,81781.1537788619,3489974,116551.4608586668,0.515919602839448,0.4972894186862444,1735527.141690107,-65018.858309893054
2015,2004,total,1837352,82087.47415501825,3516535,115847.72159716864,0.5224893254297199,0.4974100202586928,1749159.7455904023,-88192.25440959781
2015,2005,total,1852775,55059.33122925921,3566017,77736.7681976264,0.5195642645562262,0.4985623942307714,1777881.9733876328,-74893.02661236715
2015,2006,total,1849895,50885.7714933434,3683869,75795.33963997307,0.5021609074589786,0.4999942204852474,1841913.2090247679,-7981.7909752321975
2015,2007,total,1861196,51298.7107111831,3762696,78198.03915380013,0.49464426570735454,0.5021932785222545,1889600.6403225728,28404.640322572777
2015,2008,total,1898642,51643.32391021082,3826658,78658.6797358882,0.4961619251054053,0.5025733718433624,1923176.4139513772,24534.41395137708
2015,2009,total,1910173,51692.087386301915,3879942,78621.65891138362,0.4923199882884847,0.5030947811244846,1951978.5712656952,41805.5712656952
2015,2010,total,1960642,52406.43289511105,3906045,77791.63180115302,0.5019506943724407,0.5048100908718084,1971810.9313993729,11168.931399372868
2015,2011,total,1975400,57831.022979749774,3973981,87162.80076185433,0.49708340326740363,0.5062365564644216,2011774.4568950385,36374.45689503852
2015,2012,total,1996107,55258.18535074528,4038803,84127.40363413838,0.49423232576582715,0.5071243285438949,2048175.2594960681,52068.25949606801
2015,2013,total,2002731,55031.30220312347,4110504,84550.21980769184,0.4872227347303396,0.5078884552340824,2087677.526793517,84946.52679351691
2015,2014,total,2039600,55718.32398216061,4191417,86002.29884143002,0.48661347701743823,0.5094946561019961,2135504.56299506,95904.56299506004
2015,2015,total,2074731,56233.03545229735,4289619,85937.83580563683,0.48366323442711345,0.5094012253163905,2185137.17474047,110406.17474046993
2015,2016,total,2109050,56081.903919959615,4372930,86631.79297884683,0.48229676669875804,0.5099671818058518,2230050.7883342635,121000.78833426328
2015,2017,total,2139167,56222.65429853435,4444799,87402.52654972258,0.48127418135218264,0.5111892440228906,2272133.4406437,132966.44064369984
2015,2018,total,2176768,57589.800593273845,4526313,90140.09496194389,0.4809141568424455,0.5114126662787939,2314813.7997423667,138045.79974236674
2015,2019,total,2235163,59982.83205311325,4605992,91141.30544335558,0.4852728793276237,0.5128820630912098,2362330.6795416074,127167.67954160743
2015,2020,total,2205583,67074.53486717895,4661762,103258.8717858282,0.47312217998259026,0.5145105298451823,2398525.636632137,192942.63663213712
2015,2021,total,2313012,61283.202192643694,4681245,91253.96885743541,0.49410188956143075,0.5136629408624789,2404582.073597775,91570.07359777487
2015,2022,total,2384564,63003.21539126779,4731198,91763.59877776283,0.5040084984817799,0.513443913074798,2429204.814651658,44640.81465165761
2015,2023,total,2428261,64929.82408838543,4768459,92757.20616909153,0.5092339055447472,0.5144746174697183,2453251.119945036,24990.119945035603
