<?xml version="1.0" encoding="UTF-8"?>
<?xml-stylesheet type="text/xsl" href="ipums-ddi-xslt.xsl"?>
<codeBook ID="ddi2-45eb34f0-4352-013b-23ea-0242c0a83007-usa_00075.dat-usa.ipums.org" version="2.5" xmlns="ddi:codebook:2_5" xmlns:xsi="http://www.w3.org/2001/XMLSchema-instance" xsi:schemaLocation="ddi:codebook:2_5 http://www.ddialliance.org/Specification/DDI-Codebook/2.5/XMLSchema/codebook.xsd">
  <docDscr>
    <citation>
      <titlStmt>
        <titl>Codebook for an IPUMS USA Data Extract</titl>
        <subTitl>DDI 2.5 metadata describing the extract file  'usa_00075.dat'</subTitl>
        <IDNo>ddi2-45eb34f0-4352-013b-23ea-0242c0a83007-usa_00075.dat-usa.ipums.org</IDNo>
      </titlStmt>
      <rspStmt>
        <AuthEnty affiliation="University of Minnesota">IPUMS</AuthEnty>
      </rspStmt>
      <prodStmt>
        <producer abbr="IPUMS" affiliation="University of Minnesota" role="Documentation">IPUMS</producer>
        <prodDate date="2025-02-18">February 18, 2025</prodDate>
        <prodPlac>IPUMS, 50 Willey Hall, 225 - 19th Avenue South, Minneapolis, MN 55455</prodPlac>
      </prodStmt>
      <distStmt>
        <contact URI="https://ipums.org" affiliation="University of Minnesota">IPUMS</contact>
      </distStmt>
    </citation>
  </docDscr>
  <stdyDscr>
    <citation>
      <titlStmt>
        <titl>User Extract usa_00075.dat</titl>
      </titlStmt>
      <rspStmt>
        <AuthEnty affiliation="University of Minnesota">IPUMS</AuthEnty>
      </rspStmt>
      <prodStmt>
        <producer abbr="IPUMS" affiliation="University of Minnesota" role="Documentation">IPUMS</producer>
        <prodDate date="2025-02-18">February 18, 2025</prodDate>
        <prodPlac>IPUMS, 50 Willey Hall, 225 - 19th Avenue South, Minneapolis, MN 55455</prodPlac>
      </prodStmt>
      <distStmt>
        <contact URI="https://ipums.org" affiliation="University of Minnesota">IPUMS</contact>
      </distStmt>
      <serStmt>
        <serName abbr="usa">IPUMS USA</serName>
        <serInfo>DOI:10.18128/D010.V15.0</serInfo>
      </serStmt>
      <verStmt>
        <version date="2025-02-18"/>
      </verStmt>
    </citation>
    <stdyInfo>
      <subject>
        <topcClas vocab="IPUMS">Technical Variables -- HOUSEHOLD</topcClas>
        <topcClas vocab="IPUMS">Geographic Variables -- HOUSEHOLD</topcClas>
        <topcClas vocab="IPUMS">Group Quarters Variables -- HOUSEHOLD</topcClas>
        <topcClas vocab="IPUMS">Economic Characteristic Variables -- HOUSEHOLD</topcClas>
        <topcClas vocab="IPUMS">Dwelling Characteristic Variables -- HOUSEHOLD</topcClas>
      </subject>
      <sumDscr ID="sdatref-2612">
        <timePrd date="2000" event="single">2000</timePrd>
        <nation abbr="us">United States</nation>
      </sumDscr>
      <sumDscr ID="sdatref-2618">
        <timePrd date="2001" event="single">2001</timePrd>
        <nation abbr="us">United States</nation>
      </sumDscr>
      <sumDscr ID="sdatref-2619">
        <timePrd date="2002" event="single">2002</timePrd>
        <nation abbr="us">United States</nation>
      </sumDscr>
      <sumDscr ID="sdatref-2620">
        <timePrd date="2003" event="single">2003</timePrd>
        <nation abbr="us">United States</nation>
      </sumDscr>
      <sumDscr ID="sdatref-2621">
        <timePrd date="2004" event="single">2004</timePrd>
        <nation abbr="us">United States</nation>
      </sumDscr>
      <sumDscr ID="sdatref-2622">
        <timePrd date="2005" event="single">2005</timePrd>
        <nation abbr="us">United States</nation>
      </sumDscr>
      <sumDscr ID="sdatref-2624">
        <timePrd date="2006" event="single">2006</timePrd>
        <nation abbr="us">United States</nation>
      </sumDscr>
      <sumDscr ID="sdatref-2626">
        <timePrd date="2007" event="single">2007</timePrd>
        <nation abbr="us">United States</nation>
      </sumDscr>
      <sumDscr ID="sdatref-2632">
        <timePrd date="2008" event="single">2008</timePrd>
        <nation abbr="us">United States</nation>
      </sumDscr>
      <sumDscr ID="sdatref-2637">
        <timePrd date="2009" event="single">2009</timePrd>
        <nation abbr="us">United States</nation>
      </sumDscr>
      <sumDscr ID="sdatref-2650">
        <timePrd date="2010" event="single">2010</timePrd>
        <nation abbr="us">United States</nation>
      </sumDscr>
      <sumDscr ID="sdatref-2656">
        <timePrd date="2011" event="single">2011</timePrd>
        <nation abbr="us">United States</nation>
      </sumDscr>
      <sumDscr ID="sdatref-2666">
        <timePrd date="2012" event="single">2012</timePrd>
        <nation abbr="us">United States</nation>
      </sumDscr>
      <sumDscr ID="sdatref-2673">
        <timePrd date="2013" event="single">2013</timePrd>
        <nation abbr="us">United States</nation>
      </sumDscr>
      <sumDscr ID="sdatref-2680">
        <timePrd date="2014" event="single">2014</timePrd>
        <nation abbr="us">United States</nation>
      </sumDscr>
      <sumDscr ID="sdatref-2690">
        <timePrd date="2015" event="single">2015</timePrd>
        <nation abbr="us">United States</nation>
      </sumDscr>
      <sumDscr ID="sdatref-2695">
        <timePrd date="2016" event="single">2016</timePrd>
        <nation abbr="us">United States</nation>
      </sumDscr>
      <sumDscr ID="sdatref-2700">
        <timePrd date="2017" event="single">2017</timePrd>
        <nation abbr="us">United States</nation>
      </sumDscr>
      <sumDscr ID="sdatref-2706">
        <timePrd date="2018" event="single">2018</timePrd>
        <nation abbr="us">United States</nation>
      </sumDscr>
      <sumDscr ID="sdatref-2710">
        <timePrd date="2019" event="single">2019</timePrd>
        <nation abbr="us">United States</nation>
      </sumDscr>
      <sumDscr ID="sdatref-2714">
        <timePrd date="2020" event="single">2020</timePrd>
        <nation abbr="us">United States</nation>
      </sumDscr>
      <sumDscr ID="sdatref-2717">
        <timePrd date="2021" event="single">2021</timePrd>
        <nation abbr="us">United States</nation>
      </sumDscr>
      <sumDscr ID="sdatref-2721">
        <timePrd date="2022" event="single">2022</timePrd>
        <nation abbr="us">United States</nation>
      </sumDscr>
      <sumDscr ID="sdatref-2726">
        <timePrd date="2023" event="single">2023</timePrd>
        <nation abbr="us">United States</nation>
      </sumDscr>
      <notes><![CDATA[Additional notes on a sample that is part of this study:  2000 5%
]]></notes>
      <notes><![CDATA[Additional notes on a sample that is part of this study:  2001 ACS
            Note: Does not include persons in group quarters.
]]></notes>
      <notes><![CDATA[Additional notes on a sample that is part of this study:  2002 ACS
            Note: Does not include persons in group quarters.
]]></notes>
      <notes><![CDATA[Additional notes on a sample that is part of this study:  2003 ACS
            Note: Does not include persons in group quarters.
]]></notes>
      <notes><![CDATA[Additional notes on a sample that is part of this study:  2004 ACS
            Note: Does not include persons in group quarters.
]]></notes>
      <notes><![CDATA[Additional notes on a sample that is part of this study:  2005 ACS
            Note: Does not include persons in group quarters.
]]></notes>
      <notes><![CDATA[Additional notes on a sample that is part of this study:  2006 ACS
]]></notes>
      <notes><![CDATA[Additional notes on a sample that is part of this study:  2007 ACS
]]></notes>
      <notes><![CDATA[Additional notes on a sample that is part of this study:  2008 ACS
]]></notes>
      <notes><![CDATA[Additional notes on a sample that is part of this study:  2009 ACS
]]></notes>
      <notes><![CDATA[Additional notes on a sample that is part of this study:  2010 ACS
]]></notes>
      <notes><![CDATA[Additional notes on a sample that is part of this study:  2011 ACS
]]></notes>
      <notes><![CDATA[Additional notes on a sample that is part of this study:  2012 ACS
]]></notes>
      <notes><![CDATA[Additional notes on a sample that is part of this study:  2013 ACS
]]></notes>
      <notes><![CDATA[Additional notes on a sample that is part of this study:  2014 ACS
]]></notes>
      <notes><![CDATA[Additional notes on a sample that is part of this study:  2015 ACS
]]></notes>
      <notes><![CDATA[Additional notes on a sample that is part of this study:  2016 ACS
]]></notes>
      <notes><![CDATA[Additional notes on a sample that is part of this study:  2017 ACS
]]></notes>
      <notes><![CDATA[Additional notes on a sample that is part of this study:  2018 ACS
]]></notes>
      <notes><![CDATA[Additional notes on a sample that is part of this study:  2019 ACS
]]></notes>
      <notes><![CDATA[Additional notes on a sample that is part of this study:  2020 ACS
            Note: Uses experimental weights to correct for the effects of the COVID-19 pandemic on the 2020 ACS data collection
]]></notes>
      <notes><![CDATA[Additional notes on a sample that is part of this study:  2021 ACS
]]></notes>
      <notes><![CDATA[Additional notes on a sample that is part of this study:  2022 ACS
]]></notes>
      <notes><![CDATA[Additional notes on a sample that is part of this study:  2023 ACS
]]></notes>
    </stdyInfo>
    <dataAccs>
      <useStmt>
        <confDec required="no"><![CDATA[None]]></confDec>
        <contact URI="http://usa.ipums.org" affiliation="IPUMS">IPUMS USA</contact>
        <citReq><![CDATA[Publications and research reports based on the IPUMS USA database must cite it appropriately. The citation should include the following:

Steven Ruggles, Sarah Flood, Matthew Sobek, Daniel Backman, Annie Chen, Grace Cooper, Stephanie Richards, Renae Rodgers, and Megan Schouweiler. IPUMS USA: Version 15.0 [dataset]. Minneapolis, MN: IPUMS, 2024. https://doi.org/10.18128/D010.V15.0

The licensing agreement for use of IPUMS USA data requires that users supply us with the title and full citation for any publications, research reports, or educational materials making use of the data or documentation. Please add your citation to the IPUMS bibliography at http://bibliography.ipums.org/.]]></citReq>
        <conditions><![CDATA[Users of IPUMS USA data must agree to abide by the conditions of use. A user's license is valid for one year and may be renewed.  Users must agree to the following conditions:

(1) No fees may be charged for use or distribution of the data.

(2) Cite IPUMS appropriately.  For information on proper citation,  refer to the citation requirement section of this DDI document.

(3) Tell us about any work you do using the IPUMS.  Publications, research  reports, or presentations making use of IPUMS USA should be added to our  Bibliography. Continued funding for the IPUMS depends on our ability to  show our sponsor agencies that researchers are using the data for productive  purposes.

(4) The IPUMS cannot be used for genealogical research

(5) It is difficult to use the IPUMS to study small geographic areas.  In the  IPUMS census samples for years 1940-present, no places having a population  of fewer than 100,000 persons can be identified.

(6) Use it for GOOD -- never for EVIL.

(7) Please notify ipums@umn.edu regarding errors in the data or documentation.]]></conditions>
        <disclaimer>The user of the data acknowledges that the original collector of the data, the authorized distributor of the data, and the relevant funding agency bear no responsibility for use of the data or for interpretations or inferences based upon such uses.</disclaimer>
      </useStmt>
    </dataAccs>
    <notes><![CDATA[User-provided description:  ACS 1 year samples in Colorado of vacancy variables]]></notes>
  </stdyDscr>
  <fileDscr ID="ExtractData">
    <fileTxt>
      <fileName>usa_00075.dat</fileName>
      <fileCont>Microdata records</fileCont>
      <fileStrc type="rectangular"/>
      <fileType charset="ISO-8859-1">ISO-8859-1 data file</fileType>
      <format>fixed length fields</format>
      <filePlac>IPUMS, 50 Willey Hall, 225 - 19th Avenue South, Minneapolis, MN 55455</filePlac>
    </fileTxt>
  </fileDscr>
  <dataDscr><var ID="YEAR" dcml="0" files="ExtractData" intrvl="discrete" name="YEAR">
  <location EndPos="4" StartPos="1" width="4"/>
  <labl>Census year</labl>
  <txt><![CDATA[YEAR reports the four-digit year when the household was enumerated or included in the census, the ACS, and the PRCS.

For the multi-year ACS/PRCS samples, YEAR indicates the last year of data included (e.g., 2007 for the 2005-2007 3-year ACS/PRCS; 2008 for the 2006-2008 3-year ACS/PRCS; and so on).  For the actual year of survey in these multi-year data, see MULTYEAR.]]></txt>
  <catgry>
    <catValu>1850</catValu>
    <labl>1850</labl>
  </catgry>
  <catgry>
    <catValu>1860</catValu>
    <labl>1860</labl>
  </catgry>
  <catgry>
    <catValu>1870</catValu>
    <labl>1870</labl>
  </catgry>
  <catgry>
    <catValu>1880</catValu>
    <labl>1880</labl>
  </catgry>
  <catgry>
    <catValu>1900</catValu>
    <labl>1900</labl>
  </catgry>
  <catgry>
    <catValu>1910</catValu>
    <labl>1910</labl>
  </catgry>
  <catgry>
    <catValu>1920</catValu>
    <labl>1920</labl>
  </catgry>
  <catgry>
    <catValu>1930</catValu>
    <labl>1930</labl>
  </catgry>
  <catgry>
    <catValu>1940</catValu>
    <labl>1940</labl>
  </catgry>
  <catgry>
    <catValu>1950</catValu>
    <labl>1950</labl>
  </catgry>
  <catgry>
    <catValu>1960</catValu>
    <labl>1960</labl>
  </catgry>
  <catgry>
    <catValu>1970</catValu>
    <labl>1970</labl>
  </catgry>
  <catgry>
    <catValu>1980</catValu>
    <labl>1980</labl>
  </catgry>
  <catgry>
    <catValu>1990</catValu>
    <labl>1990</labl>
  </catgry>
  <catgry>
    <catValu>2000</catValu>
    <labl>2000</labl>
  </catgry>
  <catgry>
    <catValu>2001</catValu>
    <labl>2001</labl>
  </catgry>
  <catgry>
    <catValu>2002</catValu>
    <labl>2002</labl>
  </catgry>
  <catgry>
    <catValu>2003</catValu>
    <labl>2003</labl>
  </catgry>
  <catgry>
    <catValu>2004</catValu>
    <labl>2004</labl>
  </catgry>
  <catgry>
    <catValu>2005</catValu>
    <labl>2005</labl>
  </catgry>
  <catgry>
    <catValu>2006</catValu>
    <labl>2006</labl>
  </catgry>
  <catgry>
    <catValu>2007</catValu>
    <labl>2007</labl>
  </catgry>
  <catgry>
    <catValu>2008</catValu>
    <labl>2008</labl>
  </catgry>
  <catgry>
    <catValu>2009</catValu>
    <labl>2009</labl>
  </catgry>
  <catgry>
    <catValu>2010</catValu>
    <labl>2010</labl>
  </catgry>
  <catgry>
    <catValu>2011</catValu>
    <labl>2011</labl>
  </catgry>
  <catgry>
    <catValu>2012</catValu>
    <labl>2012</labl>
  </catgry>
  <catgry>
    <catValu>2013</catValu>
    <labl>2013</labl>
  </catgry>
  <catgry>
    <catValu>2014</catValu>
    <labl>2014</labl>
  </catgry>
  <catgry>
    <catValu>2015</catValu>
    <labl>2015</labl>
  </catgry>
  <catgry>
    <catValu>2016</catValu>
    <labl>2016</labl>
  </catgry>
  <catgry>
    <catValu>2017</catValu>
    <labl>2017</labl>
  </catgry>
  <catgry>
    <catValu>2018</catValu>
    <labl>2018</labl>
  </catgry>
  <catgry>
    <catValu>2019</catValu>
    <labl>2019</labl>
  </catgry>
  <catgry>
    <catValu>2020</catValu>
    <labl>2020</labl>
  </catgry>
  <catgry>
    <catValu>2021</catValu>
    <labl>2021</labl>
  </catgry>
  <catgry>
    <catValu>2022</catValu>
    <labl>2022</labl>
  </catgry>
  <catgry>
    <catValu>2023</catValu>
    <labl>2023</labl>
  </catgry>
  <concept vocab="IPUMS">Technical Variables -- HOUSEHOLD</concept>
  <varFormat schema="other" type="numeric"/>
</var>
<var ID="SAMPLE" dcml="0" files="ExtractData" intrvl="discrete" name="SAMPLE">
  <location EndPos="10" StartPos="5" width="6"/>
  <labl>IPUMS sample identifier</labl>
  <txt><![CDATA[SAMPLE identifies the IPUMS sample from which the case is drawn. Each sample receives a unique 6-digit code. The codes are structured as follows:

The first four digits are the year of the census/survey.

The next two digits identify the sample within the year.
For most censuses, IPUMS has multiple datasets which were constructed using different sampling techniques (i.e. size/demographic of the sample population, geographic coverage level or location, or duration of the sampling period for the ACS/PRCS samples).  

The availability table for each variable indicates whether that variable is available in only certain samples for a given year. For further discussion of sample differences, see "Sample Designs.".

Note: SAMPLE replaces DATANUM. Though the last two digits in SAMPLE do not correlate exactly with the now-deprecated DATANUM, the variable serves the same purpose of assigning a unique id to all cases that belong to the same dataset.]]></txt>
  <catgry>
    <catValu>202302</catValu>
    <labl>2023 PRCS</labl>
  </catgry>
  <catgry>
    <catValu>202301</catValu>
    <labl>2023 ACS</labl>
  </catgry>
  <catgry>
    <catValu>202204</catValu>
    <labl>2018-2022, PRCS 5-year</labl>
  </catgry>
  <catgry>
    <catValu>202203</catValu>
    <labl>2018-2022, ACS 5-year</labl>
  </catgry>
  <catgry>
    <catValu>202202</catValu>
    <labl>2022 PRCS</labl>
  </catgry>
  <catgry>
    <catValu>202201</catValu>
    <labl>2022 ACS</labl>
  </catgry>
  <catgry>
    <catValu>202104</catValu>
    <labl>2017-2021, PRCS 5-year</labl>
  </catgry>
  <catgry>
    <catValu>202103</catValu>
    <labl>2017-2021, ACS 5-year</labl>
  </catgry>
  <catgry>
    <catValu>202102</catValu>
    <labl>2021 PRCS</labl>
  </catgry>
  <catgry>
    <catValu>202101</catValu>
    <labl>2021 ACS</labl>
  </catgry>
  <catgry>
    <catValu>202004</catValu>
    <labl>2016-2020, PRCS 5-year</labl>
  </catgry>
  <catgry>
    <catValu>202003</catValu>
    <labl>2016-2020, ACS 5-year</labl>
  </catgry>
  <catgry>
    <catValu>202001</catValu>
    <labl>2020 ACS</labl>
  </catgry>
  <catgry>
    <catValu>201904</catValu>
    <labl>2015-2019, PRCS 5-year</labl>
  </catgry>
  <catgry>
    <catValu>201903</catValu>
    <labl>2015-2019, ACS 5-year</labl>
  </catgry>
  <catgry>
    <catValu>201902</catValu>
    <labl>2019 PRCS</labl>
  </catgry>
  <catgry>
    <catValu>201901</catValu>
    <labl>2019 ACS</labl>
  </catgry>
  <catgry>
    <catValu>201804</catValu>
    <labl>2014-2018, PRCS 5-year</labl>
  </catgry>
  <catgry>
    <catValu>201803</catValu>
    <labl>2014-2018, ACS 5-year</labl>
  </catgry>
  <catgry>
    <catValu>201802</catValu>
    <labl>2018 PRCS</labl>
  </catgry>
  <catgry>
    <catValu>201801</catValu>
    <labl>2018 ACS</labl>
  </catgry>
  <catgry>
    <catValu>201704</catValu>
    <labl>2013-2017, PRCS 5-year</labl>
  </catgry>
  <catgry>
    <catValu>201703</catValu>
    <labl>2013-2017, ACS 5-year</labl>
  </catgry>
  <catgry>
    <catValu>201702</catValu>
    <labl>2017 PRCS</labl>
  </catgry>
  <catgry>
    <catValu>201701</catValu>
    <labl>2017 ACS</labl>
  </catgry>
  <catgry>
    <catValu>201604</catValu>
    <labl>2012-2016, PRCS 5-year</labl>
  </catgry>
  <catgry>
    <catValu>201603</catValu>
    <labl>2012-2016, ACS 5-year</labl>
  </catgry>
  <catgry>
    <catValu>201602</catValu>
    <labl>2016 PRCS</labl>
  </catgry>
  <catgry>
    <catValu>201601</catValu>
    <labl>2016 ACS</labl>
  </catgry>
  <catgry>
    <catValu>201504</catValu>
    <labl>2011-2015, PRCS 5-year</labl>
  </catgry>
  <catgry>
    <catValu>201503</catValu>
    <labl>2011-2015, ACS 5-year</labl>
  </catgry>
  <catgry>
    <catValu>201502</catValu>
    <labl>2015 PRCS</labl>
  </catgry>
  <catgry>
    <catValu>201501</catValu>
    <labl>2015 ACS</labl>
  </catgry>
  <catgry>
    <catValu>201404</catValu>
    <labl>2010-2014, PRCS 5-year</labl>
  </catgry>
  <catgry>
    <catValu>201403</catValu>
    <labl>2010-2014, ACS 5-year</labl>
  </catgry>
  <catgry>
    <catValu>201402</catValu>
    <labl>2014 PRCS</labl>
  </catgry>
  <catgry>
    <catValu>201401</catValu>
    <labl>2014 ACS</labl>
  </catgry>
  <catgry>
    <catValu>201306</catValu>
    <labl>2009-2013, PRCS 5-year</labl>
  </catgry>
  <catgry>
    <catValu>201305</catValu>
    <labl>2009-2013, ACS 5-year</labl>
  </catgry>
  <catgry>
    <catValu>201304</catValu>
    <labl>2011-2013, PRCS 3-year</labl>
  </catgry>
  <catgry>
    <catValu>201303</catValu>
    <labl>2011-2013, ACS 3-year</labl>
  </catgry>
  <catgry>
    <catValu>201302</catValu>
    <labl>2013 PRCS</labl>
  </catgry>
  <catgry>
    <catValu>201301</catValu>
    <labl>2013 ACS</labl>
  </catgry>
  <catgry>
    <catValu>201206</catValu>
    <labl>2008-2012, PRCS 5-year</labl>
  </catgry>
  <catgry>
    <catValu>201205</catValu>
    <labl>2008-2012, ACS 5-year</labl>
  </catgry>
  <catgry>
    <catValu>201204</catValu>
    <labl>2010-2012, PRCS 3-year</labl>
  </catgry>
  <catgry>
    <catValu>201203</catValu>
    <labl>2010-2012, ACS 3-year</labl>
  </catgry>
  <catgry>
    <catValu>201202</catValu>
    <labl>2012 PRCS</labl>
  </catgry>
  <catgry>
    <catValu>201201</catValu>
    <labl>2012 ACS</labl>
  </catgry>
  <catgry>
    <catValu>201106</catValu>
    <labl>2007-2011, PRCS 5-year</labl>
  </catgry>
  <catgry>
    <catValu>201105</catValu>
    <labl>2007-2011, ACS 5-year</labl>
  </catgry>
  <catgry>
    <catValu>201104</catValu>
    <labl>2009-2011, PRCS 3-year</labl>
  </catgry>
  <catgry>
    <catValu>201103</catValu>
    <labl>2009-2011, ACS 3-year</labl>
  </catgry>
  <catgry>
    <catValu>201102</catValu>
    <labl>2011 PRCS</labl>
  </catgry>
  <catgry>
    <catValu>201101</catValu>
    <labl>2011 ACS</labl>
  </catgry>
  <catgry>
    <catValu>201008</catValu>
    <labl>2010 Puerto Rico 10%</labl>
  </catgry>
  <catgry>
    <catValu>201007</catValu>
    <labl>2010 10%</labl>
  </catgry>
  <catgry>
    <catValu>201006</catValu>
    <labl>2006-2010, PRCS 5-year</labl>
  </catgry>
  <catgry>
    <catValu>201005</catValu>
    <labl>2006-2010, ACS 5-year</labl>
  </catgry>
  <catgry>
    <catValu>201004</catValu>
    <labl>2008-2010, PRCS 3-year</labl>
  </catgry>
  <catgry>
    <catValu>201003</catValu>
    <labl>2008-2010, ACS 3-year</labl>
  </catgry>
  <catgry>
    <catValu>201002</catValu>
    <labl>2010 PRCS</labl>
  </catgry>
  <catgry>
    <catValu>201001</catValu>
    <labl>2010 ACS</labl>
  </catgry>
  <catgry>
    <catValu>200906</catValu>
    <labl>2005-2009, PRCS 5-year</labl>
  </catgry>
  <catgry>
    <catValu>200905</catValu>
    <labl>2005-2009, ACS 5-year</labl>
  </catgry>
  <catgry>
    <catValu>200904</catValu>
    <labl>2007-2009, PRCS 3-year</labl>
  </catgry>
  <catgry>
    <catValu>200903</catValu>
    <labl>2007-2009, ACS 3-year</labl>
  </catgry>
  <catgry>
    <catValu>200902</catValu>
    <labl>2009 PRCS</labl>
  </catgry>
  <catgry>
    <catValu>200901</catValu>
    <labl>2009 ACS</labl>
  </catgry>
  <catgry>
    <catValu>200804</catValu>
    <labl>2006-2008, PRCS 3-year</labl>
  </catgry>
  <catgry>
    <catValu>200803</catValu>
    <labl>2006-2008, ACS 3-year</labl>
  </catgry>
  <catgry>
    <catValu>200802</catValu>
    <labl>2008 PRCS</labl>
  </catgry>
  <catgry>
    <catValu>200801</catValu>
    <labl>2008 ACS</labl>
  </catgry>
  <catgry>
    <catValu>200704</catValu>
    <labl>2005-2007, PRCS 3-year</labl>
  </catgry>
  <catgry>
    <catValu>200703</catValu>
    <labl>2005-2007, ACS 3-year</labl>
  </catgry>
  <catgry>
    <catValu>200702</catValu>
    <labl>2007 PRCS</labl>
  </catgry>
  <catgry>
    <catValu>200701</catValu>
    <labl>2007 ACS</labl>
  </catgry>
  <catgry>
    <catValu>200602</catValu>
    <labl>2006 PRCS</labl>
  </catgry>
  <catgry>
    <catValu>200601</catValu>
    <labl>2006 ACS</labl>
  </catgry>
  <catgry>
    <catValu>200502</catValu>
    <labl>2005 PRCS</labl>
  </catgry>
  <catgry>
    <catValu>200501</catValu>
    <labl>2005 ACS</labl>
  </catgry>
  <catgry>
    <catValu>200401</catValu>
    <labl>2004 ACS</labl>
  </catgry>
  <catgry>
    <catValu>200301</catValu>
    <labl>2003 ACS</labl>
  </catgry>
  <catgry>
    <catValu>200201</catValu>
    <labl>2002 ACS</labl>
  </catgry>
  <catgry>
    <catValu>200101</catValu>
    <labl>2001 ACS</labl>
  </catgry>
  <catgry>
    <catValu>200008</catValu>
    <labl>2000 Puerto Rico 1%</labl>
  </catgry>
  <catgry>
    <catValu>200007</catValu>
    <labl>2000 1%</labl>
  </catgry>
  <catgry>
    <catValu>200006</catValu>
    <labl>2000 Puerto Rico 1% sample (old version)</labl>
  </catgry>
  <catgry>
    <catValu>200005</catValu>
    <labl>2000 Puerto Rico 5%</labl>
  </catgry>
  <catgry>
    <catValu>200004</catValu>
    <labl>2000 ACS</labl>
  </catgry>
  <catgry>
    <catValu>200003</catValu>
    <labl>2000 Unweighted 1%</labl>
  </catgry>
  <catgry>
    <catValu>200002</catValu>
    <labl>2000 1% sample (old version)</labl>
  </catgry>
  <catgry>
    <catValu>200001</catValu>
    <labl>2000 5%</labl>
  </catgry>
  <catgry>
    <catValu>199007</catValu>
    <labl>1990 Puerto Rico 1%</labl>
  </catgry>
  <catgry>
    <catValu>199006</catValu>
    <labl>1990 Puerto Rico 5%</labl>
  </catgry>
  <catgry>
    <catValu>199005</catValu>
    <labl>1990 Labor Market Area</labl>
  </catgry>
  <catgry>
    <catValu>199004</catValu>
    <labl>1990 Elderly</labl>
  </catgry>
  <catgry>
    <catValu>199003</catValu>
    <labl>1990 Unweighted 1%</labl>
  </catgry>
  <catgry>
    <catValu>199002</catValu>
    <labl>1990 1%</labl>
  </catgry>
  <catgry>
    <catValu>199001</catValu>
    <labl>1990 5%</labl>
  </catgry>
  <catgry>
    <catValu>198007</catValu>
    <labl>1980 Puerto Rico 1%</labl>
  </catgry>
  <catgry>
    <catValu>198006</catValu>
    <labl>1980 Puerto Rico 5%</labl>
  </catgry>
  <catgry>
    <catValu>198005</catValu>
    <labl>1980 Detailed metro/non-metro</labl>
  </catgry>
  <catgry>
    <catValu>198004</catValu>
    <labl>1980 Labor Market Area</labl>
  </catgry>
  <catgry>
    <catValu>198003</catValu>
    <labl>1980 Urban/Rural</labl>
  </catgry>
  <catgry>
    <catValu>198002</catValu>
    <labl>1980 1%</labl>
  </catgry>
  <catgry>
    <catValu>198001</catValu>
    <labl>1980 5%</labl>
  </catgry>
  <catgry>
    <catValu>197009</catValu>
    <labl>1970 Puerto Rico Neighborhood</labl>
  </catgry>
  <catgry>
    <catValu>197008</catValu>
    <labl>1970 Puerto Rico Municipio</labl>
  </catgry>
  <catgry>
    <catValu>197007</catValu>
    <labl>1970 Puerto Rico State</labl>
  </catgry>
  <catgry>
    <catValu>197006</catValu>
    <labl>1970 Form 2 Neighborhood</labl>
  </catgry>
  <catgry>
    <catValu>197005</catValu>
    <labl>1970 Form 1 Neighborhood</labl>
  </catgry>
  <catgry>
    <catValu>197004</catValu>
    <labl>1970 Form 2 Metro</labl>
  </catgry>
  <catgry>
    <catValu>197003</catValu>
    <labl>1970 Form 1 Metro</labl>
  </catgry>
  <catgry>
    <catValu>197002</catValu>
    <labl>1970 Form 2 State</labl>
  </catgry>
  <catgry>
    <catValu>197001</catValu>
    <labl>1970 Form 1 State</labl>
  </catgry>
  <catgry>
    <catValu>196002</catValu>
    <labl>1960 5%</labl>
  </catgry>
  <catgry>
    <catValu>196001</catValu>
    <labl>1960 1%</labl>
  </catgry>
  <catgry>
    <catValu>195002</catValu>
    <labl>1950 100% database</labl>
  </catgry>
  <catgry>
    <catValu>195001</catValu>
    <labl>1950 1%</labl>
  </catgry>
  <catgry>
    <catValu>194002</catValu>
    <labl>1940 100% database</labl>
  </catgry>
  <catgry>
    <catValu>194001</catValu>
    <labl>1940 1%</labl>
  </catgry>
  <catgry>
    <catValu>193004</catValu>
    <labl>1930 100% database</labl>
  </catgry>
  <catgry>
    <catValu>193003</catValu>
    <labl>1930 Puerto Rico</labl>
  </catgry>
  <catgry>
    <catValu>193002</catValu>
    <labl>1930 5%</labl>
  </catgry>
  <catgry>
    <catValu>193001</catValu>
    <labl>1930 1%</labl>
  </catgry>
  <catgry>
    <catValu>192003</catValu>
    <labl>1920 100% database</labl>
  </catgry>
  <catgry>
    <catValu>192002</catValu>
    <labl>1920 Puerto Rico sample</labl>
  </catgry>
  <catgry>
    <catValu>192001</catValu>
    <labl>1920 1%</labl>
  </catgry>
  <catgry>
    <catValu>191004</catValu>
    <labl>1910 100% database</labl>
  </catgry>
  <catgry>
    <catValu>191003</catValu>
    <labl>1910 1.4% sample with oversamples</labl>
  </catgry>
  <catgry>
    <catValu>191002</catValu>
    <labl>1910 1%</labl>
  </catgry>
  <catgry>
    <catValu>191001</catValu>
    <labl>1910 Puerto Rico</labl>
  </catgry>
  <catgry>
    <catValu>190004</catValu>
    <labl>1900 100% database</labl>
  </catgry>
  <catgry>
    <catValu>190003</catValu>
    <labl>1900 1% sample with oversamples</labl>
  </catgry>
  <catgry>
    <catValu>190002</catValu>
    <labl>1900 1%</labl>
  </catgry>
  <catgry>
    <catValu>190001</catValu>
    <labl>1900 5%</labl>
  </catgry>
  <catgry>
    <catValu>188003</catValu>
    <labl>1880 100% database</labl>
  </catgry>
  <catgry>
    <catValu>188002</catValu>
    <labl>1880 10%</labl>
  </catgry>
  <catgry>
    <catValu>188001</catValu>
    <labl>1880 1%</labl>
  </catgry>
  <catgry>
    <catValu>187003</catValu>
    <labl>1870 100% database</labl>
  </catgry>
  <catgry>
    <catValu>187002</catValu>
    <labl>1870 1% sample with black oversample</labl>
  </catgry>
  <catgry>
    <catValu>187001</catValu>
    <labl>1870 1%</labl>
  </catgry>
  <catgry>
    <catValu>186003</catValu>
    <labl>1860 100% database</labl>
  </catgry>
  <catgry>
    <catValu>186002</catValu>
    <labl>1860 1% sample with black oversample</labl>
  </catgry>
  <catgry>
    <catValu>186001</catValu>
    <labl>1860 1%</labl>
  </catgry>
  <catgry>
    <catValu>185002</catValu>
    <labl>1850 100% database</labl>
  </catgry>
  <catgry>
    <catValu>185001</catValu>
    <labl>1850 1%</labl>
  </catgry>
  <concept vocab="IPUMS">Technical Variables -- HOUSEHOLD</concept>
  <varFormat schema="other" type="numeric"/>
</var>
<var ID="SERIAL" dcml="0" files="ExtractData" intrvl="contin" name="SERIAL">
  <location EndPos="18" StartPos="11" width="8"/>
  <labl>Household serial number</labl>
  <txt><![CDATA[SERIAL is an identifying number unique to each household record in a given sample. All person records are assigned the same serial number as the household record that they follow. (Person records also have their own unique identifiers - see PERNUM.) A combination of SAMPLE and SERIAL provides a unique identifier for every household in the IPUMS; the combination of SAMPLE, SERIAL, and PERNUM uniquely identifies every person in the database.

For 1850-1930, households that are part of a multi-household dwelling can be identified by using the DWELLING and DWSEQ variables. See "Sample Designs" for further discussion of sampling from within multi-household dwellings.]]></txt>
  <codInstr><![CDATA[CodesSERIAL is an 8-digit numeric variable which assigns a unique identification number to each household record in a given sample (See PERNUM for the analogous person record identifier). A combination of SAMPLE and SERIAL provides a unique identifier for every household in the IPUMS; the combination of SAMPLE, SERIAL, and PERNUM uniquely identifies every person in the database. SERIAL specific variable codes for missing, edited, or unidentified observations, observations not applicable (N/A), observations not in universe (NIU), top and bottom value coding, etc. are provided below if applicable by Census year (and data sample if specified).

SERIAL Specific Variable Codes]]></codInstr>
  <concept vocab="IPUMS">Technical Variables -- HOUSEHOLD</concept>
  <varFormat schema="other" type="numeric"/>
</var>
<var ID="CBSERIAL" dcml="0" files="ExtractData" intrvl="contin" name="CBSERIAL">
  <location EndPos="31" StartPos="19" width="13"/>
  <labl>Original Census Bureau household serial number</labl>
  <txt><![CDATA[CBSERIAL is the unique, original identification number assigned to each household record in a given sample by the Census Bureau. All person records are assigned the same serial number as the household record that they follow. (The original person record unique identification numbers assigned by the Census Bureau are provided by CBPERNUM.) 

A combination of SAMPLE and CBSERIAL provides a unique identifier for every household in the IPUMS; the combination of SAMPLE, CBSERIAL, and CBPERNUM uniquely identifies every person in the database.]]></txt>
  <codInstr><![CDATA[CodesCBSERIAL is an 8-digit numeric variable which assigns a unique identification number to each household record in a given sample (See CBPERNUM for the analogous person record identifier). CBSERIAL specific variable codes for missing, edited, or unidentified observations, observations not applicable (N/A), observations not in universe (NIU), top and bottom value coding, etc. are provided below if applicable by Census year (and data sample if specified).

CBSERIAL Specific Variable Codes]]></codInstr>
  <concept vocab="IPUMS">Technical Variables -- HOUSEHOLD</concept>
  <varFormat schema="other" type="numeric"/>
</var>
<var ID="HHWT" dcml="2" files="ExtractData" intrvl="contin" name="HHWT">
  <location EndPos="41" StartPos="32" width="10"/>
  <labl>Household weight</labl>
  <txt><![CDATA[HHWT indicates how many households in the U.S. population are represented by a given household in an IPUMS sample. 

It is generally a good idea to use HHWT when conducting a household-level analysis of any IPUMS sample. The use of HHWT is optional when analyzing one of the "flat" or unweighted IPUMS samples. Flat IPUMS samples include the 1% samples from 1850-1930, all samples from 1960, 1970, and 1980, the 1% unweighted samples from 1990 and 2000, the 10% 2010 sample, and any of the full count 100% census datasets. HHWT must be used to obtain nationally representative statistics for household-level analyses of any sample other than those.

Users should also be sure to select one person (e.g., PERNUM = 1) to represent the entire household.

For further explanation of the sample weights, see "Sample Designs" and "Sample Weights". See also PERWT for a corresponding variable at the person level, and SLWT for a weight variable used with sample-line records in 1940 1% and 1950.]]></txt>
  <codInstr><![CDATA[CodesHHWT is a 6-digit numeric variable which indicates how many households in the U.S. population are represented by a given household in an IPUMS sample and has two implied decimals. For example, a HHWT value of 010461 should be interpreted as 104.61. HHWT specific variable codes for missing, edited, or unidentified observations, observations not applicable (N/A), observations not in universe (NIU), top and bottom value coding, etc. are provided below if applicable by Census year (and data sample if specified).

User Note: Users should also be sure to select one person (e.g., PERNUM = 1) to represent the entire household when using HHWT.

HHWT Specific Variable Codes]]></codInstr>
  <concept vocab="IPUMS">Technical Variables -- HOUSEHOLD</concept>
  <varFormat schema="other" type="numeric"/>
</var>
<var ID="CLUSTER" dcml="0" files="ExtractData" intrvl="contin" name="CLUSTER">
  <location EndPos="54" StartPos="42" width="13"/>
  <labl>Household cluster for variance estimation</labl>
  <txt><![CDATA[CLUSTER is designed for use with STRATA in Taylor series linear approximation for correction of complex sample design characteristics. See the STRATA variable description for more details.]]></txt>
  <codInstr><![CDATA[CodesCLUSTER is an 11-digit numeric variable designed for use with STRATA in Taylor series linear approximation for correction of complex sample design characteristics (See the Description of STRATA for more details). CLUSTER specific variable codes for missing, edited, or unidentified observations, observations not applicable (N/A), observations not in universe (NIU), top and bottom value coding, etc. are provided below if applicable by Census year (and data sample if specified).

CLUSTER Specific Variable Codes]]></codInstr>
  <concept vocab="IPUMS">Technical Variables -- HOUSEHOLD</concept>
  <varFormat schema="other" type="numeric"/>
</var>
<var ID="STATEFIP" dcml="0" files="ExtractData" intrvl="discrete" name="STATEFIP">
  <location EndPos="56" StartPos="55" width="2"/>
  <labl>State (FIPS code)</labl>
  <txt><![CDATA[STATEFIP reports the state in which the household was located, using the Federal Information Processing Standards (FIPS) coding scheme, which orders the states alphabetically.

In the 1980 Urban/Rural sample, STATEFIP identifies state groups that are not available in STATEICP; these state groups (codes 61-68) are only available for that particular sample. 

See "Geographic Coding and Comparability" for more information on the geographic detail available in particular samples.]]></txt>
  <catgry>
    <catValu>01</catValu>
    <labl>Alabama</labl>
  </catgry>
  <catgry>
    <catValu>02</catValu>
    <labl>Alaska</labl>
  </catgry>
  <catgry>
    <catValu>04</catValu>
    <labl>Arizona</labl>
  </catgry>
  <catgry>
    <catValu>05</catValu>
    <labl>Arkansas</labl>
  </catgry>
  <catgry>
    <catValu>06</catValu>
    <labl>California</labl>
  </catgry>
  <catgry>
    <catValu>08</catValu>
    <labl>Colorado</labl>
  </catgry>
  <catgry>
    <catValu>09</catValu>
    <labl>Connecticut</labl>
  </catgry>
  <catgry>
    <catValu>10</catValu>
    <labl>Delaware</labl>
  </catgry>
  <catgry>
    <catValu>11</catValu>
    <labl>District of Columbia</labl>
  </catgry>
  <catgry>
    <catValu>12</catValu>
    <labl>Florida</labl>
  </catgry>
  <catgry>
    <catValu>13</catValu>
    <labl>Georgia</labl>
  </catgry>
  <catgry>
    <catValu>15</catValu>
    <labl>Hawaii</labl>
  </catgry>
  <catgry>
    <catValu>16</catValu>
    <labl>Idaho</labl>
  </catgry>
  <catgry>
    <catValu>17</catValu>
    <labl>Illinois</labl>
  </catgry>
  <catgry>
    <catValu>18</catValu>
    <labl>Indiana</labl>
  </catgry>
  <catgry>
    <catValu>19</catValu>
    <labl>Iowa</labl>
  </catgry>
  <catgry>
    <catValu>20</catValu>
    <labl>Kansas</labl>
  </catgry>
  <catgry>
    <catValu>21</catValu>
    <labl>Kentucky</labl>
  </catgry>
  <catgry>
    <catValu>22</catValu>
    <labl>Louisiana</labl>
  </catgry>
  <catgry>
    <catValu>23</catValu>
    <labl>Maine</labl>
  </catgry>
  <catgry>
    <catValu>24</catValu>
    <labl>Maryland</labl>
  </catgry>
  <catgry>
    <catValu>25</catValu>
    <labl>Massachusetts</labl>
  </catgry>
  <catgry>
    <catValu>26</catValu>
    <labl>Michigan</labl>
  </catgry>
  <catgry>
    <catValu>27</catValu>
    <labl>Minnesota</labl>
  </catgry>
  <catgry>
    <catValu>28</catValu>
    <labl>Mississippi</labl>
  </catgry>
  <catgry>
    <catValu>29</catValu>
    <labl>Missouri</labl>
  </catgry>
  <catgry>
    <catValu>30</catValu>
    <labl>Montana</labl>
  </catgry>
  <catgry>
    <catValu>31</catValu>
    <labl>Nebraska</labl>
  </catgry>
  <catgry>
    <catValu>32</catValu>
    <labl>Nevada</labl>
  </catgry>
  <catgry>
    <catValu>33</catValu>
    <labl>New Hampshire</labl>
  </catgry>
  <catgry>
    <catValu>34</catValu>
    <labl>New Jersey</labl>
  </catgry>
  <catgry>
    <catValu>35</catValu>
    <labl>New Mexico</labl>
  </catgry>
  <catgry>
    <catValu>36</catValu>
    <labl>New York</labl>
  </catgry>
  <catgry>
    <catValu>37</catValu>
    <labl>North Carolina</labl>
  </catgry>
  <catgry>
    <catValu>38</catValu>
    <labl>North Dakota</labl>
  </catgry>
  <catgry>
    <catValu>39</catValu>
    <labl>Ohio</labl>
  </catgry>
  <catgry>
    <catValu>40</catValu>
    <labl>Oklahoma</labl>
  </catgry>
  <catgry>
    <catValu>41</catValu>
    <labl>Oregon</labl>
  </catgry>
  <catgry>
    <catValu>42</catValu>
    <labl>Pennsylvania</labl>
  </catgry>
  <catgry>
    <catValu>44</catValu>
    <labl>Rhode Island</labl>
  </catgry>
  <catgry>
    <catValu>45</catValu>
    <labl>South Carolina</labl>
  </catgry>
  <catgry>
    <catValu>46</catValu>
    <labl>South Dakota</labl>
  </catgry>
  <catgry>
    <catValu>47</catValu>
    <labl>Tennessee</labl>
  </catgry>
  <catgry>
    <catValu>48</catValu>
    <labl>Texas</labl>
  </catgry>
  <catgry>
    <catValu>49</catValu>
    <labl>Utah</labl>
  </catgry>
  <catgry>
    <catValu>50</catValu>
    <labl>Vermont</labl>
  </catgry>
  <catgry>
    <catValu>51</catValu>
    <labl>Virginia</labl>
  </catgry>
  <catgry>
    <catValu>53</catValu>
    <labl>Washington</labl>
  </catgry>
  <catgry>
    <catValu>54</catValu>
    <labl>West Virginia</labl>
  </catgry>
  <catgry>
    <catValu>55</catValu>
    <labl>Wisconsin</labl>
  </catgry>
  <catgry>
    <catValu>56</catValu>
    <labl>Wyoming</labl>
  </catgry>
  <catgry>
    <catValu>61</catValu>
    <labl>Maine-New Hampshire-Vermont</labl>
  </catgry>
  <catgry>
    <catValu>62</catValu>
    <labl>Massachusetts-Rhode Island</labl>
  </catgry>
  <catgry>
    <catValu>63</catValu>
    <labl>Minnesota-Iowa-Missouri-Kansas-Nebraska-S.Dakota-N.Dakota</labl>
  </catgry>
  <catgry>
    <catValu>64</catValu>
    <labl>Maryland-Delaware</labl>
  </catgry>
  <catgry>
    <catValu>65</catValu>
    <labl>Montana-Idaho-Wyoming</labl>
  </catgry>
  <catgry>
    <catValu>66</catValu>
    <labl>Utah-Nevada</labl>
  </catgry>
  <catgry>
    <catValu>67</catValu>
    <labl>Arizona-New Mexico</labl>
  </catgry>
  <catgry>
    <catValu>68</catValu>
    <labl>Alaska-Hawaii</labl>
  </catgry>
  <catgry>
    <catValu>72</catValu>
    <labl>Puerto Rico</labl>
  </catgry>
  <catgry>
    <catValu>97</catValu>
    <labl>Military/Mil. Reservation</labl>
  </catgry>
  <catgry>
    <catValu>99</catValu>
    <labl>State not identified</labl>
  </catgry>
  <concept vocab="IPUMS">Geographic Variables -- HOUSEHOLD</concept>
  <varFormat schema="other" type="numeric"/>
  <notes>Case selection:  08 Colorado</notes>
</var>
<var ID="COUNTYFIP" dcml="0" files="ExtractData" intrvl="contin" name="COUNTYFIP">
  <location EndPos="59" StartPos="57" width="3"/>
  <labl>County (FIPS code, identifiable counties only)</labl>
  <txt><![CDATA[IPUMS USA cannot identify most counties in recent samples.

COUNTYFIP identifies the county where the household was enumerated, using the Federal Information Processing Standard (FIPS) coding scheme.

COUNTYFIP codes are state-dependent; they must be combined with state codes (see STATEFIP or STATEICP) to distinguish counties located in different states.

Many county boundaries and some county names have changed over time. IPUMS does not impose a uniform county boundary system on the data, so each county listed for a given year in IPUMS should be assumed to have the boundaries that it had in that year.

Counties are not identified in public-use microdata from 1950 onwards, so IPUMS instead identifies counties, where possible, from other low-level geographic identifiers. These include State Economic Areas (SEA) in 1950; county groups in 1970 (CNTYGP97) and 1980 (CNTYGP98); and Public Use Microdata Areas (PUMA) from 1990 onwards, including Super-PUMAs (PUMASUPR) in 2000.

In 1950 and later samples, COUNTYFIP identifies a county if and only if:

it was coterminous with a single SEA, county group, or PUMA; or

it contained multiple SEAs, county groups, or PUMAs, none of which extended into other counties.
List of counties identified in 1950 and later samples: 
Identified Counties, 1950-Forward
For municipios, the Puerto Rican statistical equivalent of U.S. counties, see PRCOUNTA (alphabetic version) and PRCOUNTY (numeric version).

FIPS codes were first instituted around the time of the 1970 census, so historical counties that were dissolved before then have no FIPS code. COUNTYICP and COUNTYNHG supply codes for the complete history of U.S. county definitions. These alternative variables both use codes based on the 3-digit FIPS scheme with a fourth digit added to distinguish historical counties.

Like STATEFIP, COUNTYFIP facilitates merging IPUMS data with data from other sources that use FIPS codes.]]></txt>
  <codInstr><![CDATA[CodesCOUNTYFIP is a 3-digit numeric variable that identifies the county where the household was enumerated using the Federal Information Processing Standard (FIPS) coding scheme.

COUNTYFIP codes are state-dependent; they must be combined with state codes (see STATEFIP or STATEICP) to distinguish counties located in different states.

COUNTYFIP codes differ from standard FIPS codes in one case: Dade County, Florida, had FIPS code 025 until its name was changed to Miami-Dade County in 1997, with a new FIPS code of 086. COUNTYFIP assigns a code of 086 to Dade County in all samples to be consistent with the Miami-Dade code in later samples.

COUNTYFIP-Specific Variable Code
000 = County not identifiable from public-use data (1950-onward)

List of counties identified in 1950 and later samples: 
Identified Counties, 1950-Forward
]]></codInstr>
  <concept vocab="IPUMS">Geographic Variables -- HOUSEHOLD</concept>
  <varFormat schema="other" type="numeric"/>
</var>
<var ID="PUMA" dcml="0" files="ExtractData" intrvl="contin" name="PUMA">
  <location EndPos="64" StartPos="60" width="5"/>
  <labl>Public Use Microdata Area</labl>
  <txt><![CDATA[PUMA identifies the Public Use Microdata Area (PUMA) where the housing unit was located. PUMAs are the smallest geographic units identified in Public Use Microdata Samples since 1990 for both the decennial censuses and the ACS/PRCS. To help maintain the confidentiality of respondents in public use microdata, every PUMA must, by design, have at least 100,000 residents at the time of the corresponding census. 

IPUMS has also created PUMAs for the 1960 5% sample, which each correspond approximately to one or more 2000 PUMAs using a minimum population threshold of 50,000.

Note: PUMA codes are state-dependent. The PUMA codes for 1990 and later samples are unique only within each state, so a single code may identify different PUMAs in different states. To uniquely identify all PUMAs, it is necessary to combine the PUMA variable with a state identifier (STATEFIP or STATEICP). The IPUMS-defined 1960 PUMA codes are unique across all states and do not have this requirement.

The Census Bureau updates PUMA definitions with each decennial census, so PUMA codes may or may not identify consistent areas over longer periods of time. See the Comparability section for information about which PUMAs are used in each sample. See the Codes section for information about each set of PUMA definitions.

Note: PUMA definitions vary within some multi-year samples. In multi-year ACS samples that span a PUMA definition change, the identified PUMAs vary based on the survey year when each respondent was interviewed (as given by MULTYEAR). For example, in the 2010-2014 5-year ACS sample, the PUMAs identified for 2010 and 2011 respondents are 2000 PUMAs while the PUMAs identified for 2012-2014 respondents are 2010 PUMAs.

In 1980 samples, "county groups" (CNTYGP98) are functionally similar to PUMAs with the same minimum population threshold of 100,000. In fact, "county group" is a misnomer because 1980 county groups, like PUMAs, typically subdivide large-population counties into smaller areas (though 1980 county groups still do not subdivide cities within counties as PUMAs do). In contrast, the county groups in 1970 samples (CNTYGP97) nearly all correspond to groups of one or more counties with a minimum population threshold of 250,000. In 1940 and 1950 samples, the identified geographic areas most like PUMAs are State Economic Areas (SEA).]]></txt>
  <codInstr><![CDATA[CodesPUMA is a 5-digit numeric variable identifying the Public Use Microdata Area (PUMA) where the housing unit was located.

In all samples but 1960, PUMA codes are state-dependent. To uniquely identify all PUMAs in 1990 or later samples, the codes must be read in combination with one of the STATE variables: STATEFIP or STATEICP.

As explained in the Description and Comparability sections, PUMA definitions are updated every ten years and therefore vary across samples and within some multi-year samples. IPUMS provides maps, composition files, and boundary files describing each set of PUMA definitions through the links below.
 
PUMA Resource Pages
2020 PUMAs: 2022-2031 ACS/PRCS
2010 PUMAs: 2010 Census and 2012-2021 ACS/PRCS
 2000 PUMAs: 2000 Census and 2005-2011 ACS/PRCS
1990 PUMAs: 1990 5% State and 1% Metro samples
1990 PUMAs crossing state lines: 1% Metro sample
1960 PUMAs and Mini-PUMAs: 1960 5% sample]]></codInstr>
  <concept vocab="IPUMS">Geographic Variables -- HOUSEHOLD</concept>
  <varFormat schema="other" type="numeric"/>
</var>
<var ID="STRATA" dcml="0" files="ExtractData" intrvl="contin" name="STRATA">
  <location EndPos="76" StartPos="65" width="12"/>
  <labl>Household strata for variance estimation</labl>
  <txt><![CDATA[STRATA is designed for use with CLUSTER in Taylor series linear approximation for correction of complex sample design characteristics.

While appropriate use of the sampling weights PERWT and HHWT allow users to produce correct point estimates (such as means and proportions), many researchers believe that additional statistical techniques are also necessary to produce correct standard errors and statistical tests that account for complex sample design. 

For further information on why and how to use STRATA and CLUSTER, see  Analysis and Variance Estimation with the IPUMS . For more details on the mathematics behind this method, see  Issues Concerning the Calculation of Standard Errors Using IPUMS Data Products .]]></txt>
  <codInstr><![CDATA[CodesSTRATA is a 12-digit numeric variable designed for use with CLUSTER in Taylor series linear approximation for correction of complex sample design characteristics. While appropriate use of the sampling weights PERWT and HHWT allow users to produce correct point estimates (such as means and proportions), many researchers believe that additional statistical techniques are also necessary to produce correct standard errors and statistical tests that account for complex sample design. STRATA specific variable codes for missing, edited, or unidentified observations, observations not applicable (N/A), observations not in universe (NIU), top and bottom value coding, etc. are provided below if applicable by Census year (and data sample if specified).

User Note: For further information on why and how to use STRATA and CLUSTER, see Analysis and Variance Estimation with the IPUMS. For more details on the mathematics behind this method, see Issues Concerning the Calculation of Standard Errors Using IPUMS Data Products.  

STRATA Specific Variable Codes]]></codInstr>
  <concept vocab="IPUMS">Technical Variables -- HOUSEHOLD</concept>
  <varFormat schema="other" type="numeric"/>
</var>
<var ID="GQ" dcml="0" files="ExtractData" intrvl="discrete" name="GQ">
  <location EndPos="77" StartPos="77" width="1"/>
  <labl>Group quarters status</labl>
  <txt><![CDATA[GQ classifies all housing units as falling into one of three main categories: households, group quarters, or vacant units. It also identifies fragmentary sample units for 1850-1930 (see below). In all years, the data available about a person and their co-residents depend on whether the person lives in a household or in group quarters. Households are sampled as units, meaning that everyone in the household is included in the sample, and most household-level variables are available. People living in group quarters are generally sampled as individuals; other people in their unit may or may not be included in the sample, and there is no way of linking co-residents' records to one another. If, however, a sampled person in group quarters was living with relatives, the related group was sampled for 1850-1930. Most household-level variables are not available for group quarters or for vacant units.

Group quarters are largely institutions and other group living arrangements, such as rooming houses and military barracks. The definitions vary from year to year, but the pre-1940 samples have generally used a definition of group quarters that includes units with 10 or more individuals unrelated to the householder. See the comparability discussion below and "Sample Designs" for more details about changing definitions of group quarters.  Group-quarters types are identified in further detail by GQTYPE and GQFUNDS.]]></txt>
  <catgry>
    <catValu>0</catValu>
    <labl>Vacant unit</labl>
  </catgry>
  <catgry>
    <catValu>1</catValu>
    <labl>Households under 1970 definition</labl>
  </catgry>
  <catgry>
    <catValu>2</catValu>
    <labl>Additional households under 1990 definition</labl>
  </catgry>
  <catgry>
    <catValu>3</catValu>
    <labl>Group quarters--Institutions</labl>
  </catgry>
  <catgry>
    <catValu>4</catValu>
    <labl>Other group quarters</labl>
  </catgry>
  <catgry>
    <catValu>5</catValu>
    <labl>Additional households under 2000 definition</labl>
  </catgry>
  <catgry>
    <catValu>6</catValu>
    <labl>Fragment</labl>
  </catgry>
  <concept vocab="IPUMS">Group Quarters Variables -- HOUSEHOLD</concept>
  <varFormat schema="other" type="numeric"/>
</var>
<var ID="OWNERSHP" dcml="0" files="ExtractData" intrvl="discrete" name="OWNERSHP">
  <location EndPos="78" StartPos="78" width="1"/>
  <labl>Ownership of dwelling (tenure) [general version]</labl>
  <txt><![CDATA[OWNERSHP indicates whether the housing unit was rented or owned by its inhabitants. Housing units acquired with a mortgage or other lending arrangement(s) are classified as "owned," even if repayment was not yet completed.]]></txt>
  <catgry>
    <catValu>0</catValu>
    <labl>N/A</labl>
  </catgry>
  <catgry>
    <catValu>1</catValu>
    <labl>Owned or being bought (loan)</labl>
  </catgry>
  <catgry>
    <catValu>2</catValu>
    <labl>Rented</labl>
  </catgry>
  <concept vocab="IPUMS">Economic Characteristic Variables -- HOUSEHOLD</concept>
  <varFormat schema="other" type="numeric"/>
</var>
<var ID="OWNERSHPD" dcml="0" files="ExtractData" intrvl="discrete" name="OWNERSHPD">
  <location EndPos="80" StartPos="79" width="2"/>
  <labl>Ownership of dwelling (tenure) [detailed version]</labl>
  <txt><![CDATA[OWNERSHP indicates whether the housing unit was rented or owned by its inhabitants. Housing units acquired with a mortgage or other lending arrangement(s) are classified as "owned," even if repayment was not yet completed.]]></txt>
  <catgry>
    <catValu>00</catValu>
    <labl>N/A</labl>
  </catgry>
  <catgry>
    <catValu>10</catValu>
    <labl>Owned or being bought</labl>
  </catgry>
  <catgry>
    <catValu>11</catValu>
    <labl>Check mark (owns?)</labl>
  </catgry>
  <catgry>
    <catValu>12</catValu>
    <labl>Owned free and clear</labl>
  </catgry>
  <catgry>
    <catValu>13</catValu>
    <labl>Owned with mortgage or loan</labl>
  </catgry>
  <catgry>
    <catValu>20</catValu>
    <labl>Rented</labl>
  </catgry>
  <catgry>
    <catValu>21</catValu>
    <labl>No cash rent</labl>
  </catgry>
  <catgry>
    <catValu>22</catValu>
    <labl>With cash rent</labl>
  </catgry>
  <concept vocab="IPUMS">Economic Characteristic Variables -- HOUSEHOLD</concept>
  <varFormat schema="other" type="numeric"/>
</var>
<var ID="VACANCY" dcml="0" files="ExtractData" intrvl="discrete" name="VACANCY">
  <location EndPos="81" StartPos="81" width="1"/>
  <labl>Vacancy status</labl>
  <txt><![CDATA[VACANCY identifies vacant housing units and reports the reason for the vacancy (e.g., for rent, for sale, used only seasonally). To be counted as "vacant," a unit has to be in livable condition and intended for residential use. For newly-constructed units, all exterior windows and doors must be installed, and usable floors must be in place. Dilapidated, condemned, and nonresidential buildings are thus excluded. Mobile homes and trailers (in 1970 and 1980) were counted only if they were intended for occupancy where they stood (i.e., they were not still in a factory or retailer's sales lot). Enumerators obtained vacancy information from landlords, owners, neighbors, or anyone else who might have known about the unit's status; in 1970, they could rely on personal inspection.

User Caution: By default, the extraction system rectangularizes the data: that is, it puts household information on the person records and does not retain the households as separate records.  As a result, rectangular files will not contain vacant units, since there are no persons corresponding to these units.  Researchers wishing to retain vacant units should instead choose a hierarchical file format when creating their extract.]]></txt>
  <catgry>
    <catValu>0</catValu>
    <labl>N/A</labl>
  </catgry>
  <catgry>
    <catValu>1</catValu>
    <labl>For rent or sale</labl>
  </catgry>
  <catgry>
    <catValu>2</catValu>
    <labl>For sale only</labl>
  </catgry>
  <catgry>
    <catValu>3</catValu>
    <labl>Rented or sold but not (yet) occupied</labl>
  </catgry>
  <catgry>
    <catValu>4</catValu>
    <labl>For seasonal, recreational or other occasional use</labl>
  </catgry>
  <catgry>
    <catValu>5</catValu>
    <labl>For occasional use</labl>
  </catgry>
  <catgry>
    <catValu>6</catValu>
    <labl>For seasonal use</labl>
  </catgry>
  <catgry>
    <catValu>7</catValu>
    <labl>For migrant farm workers</labl>
  </catgry>
  <catgry>
    <catValu>8</catValu>
    <labl>For seasonal use or migratory</labl>
  </catgry>
  <catgry>
    <catValu>9</catValu>
    <labl>Other vacant</labl>
  </catgry>
  <concept vocab="IPUMS">Dwelling Characteristic Variables -- HOUSEHOLD</concept>
  <varFormat schema="other" type="numeric"/>
</var>
</dataDscr>
</codeBook>
